,Resample,RMSLE,p,k_V,c_V,r,k_T,d_T,c_T,T_0,V_0
0,1.0,0.8566565315695386,6.5525048964368295,1200000.0,3.1268150128860067e-06,0.18100080787687034,2362.426379427314,0.011,0.01877517600612566,944798.8,25.0
1,2.0,0.9168781054556768,6.219448684285581,1200000.0,2.7285069743083305e-06,0.21773395611202062,5192.688041269779,0.011,7.232531240575213e-11,1007467.6,25.0
2,3.0,0.7874604078861521,5.79642832587669,1200000.0,2.5995533703212183e-06,0.21293507423527558,3661.7494701370597,0.011,0.02842243249640397,883877.6,25.0
3,4.0,0.9267346169125902,5.808415930611986,1200000.0,2.4451346384831435e-06,0.20814191039144703,4791.281238257885,0.011,0.040583142356724555,943588.4,25.0
4,5.0,0.8341212866627871,5.187416359354906,1200000.0,2.0870964135683747e-06,0.20183962348067297,2701.6695396900177,0.011,0.07421180467028216,893860.0,25.0
5,6.0,0.9345290856876336,5.405589030450599,1200000.0,2.2509511809603444e-06,0.21320989189982953,3120.2264983952045,0.011,0.051457863523274694,872827.6,25.0
6,7.0,0.9787302703631986,6.314661531651517,1200000.0,2.8525316495083656e-06,0.2043874239564687,4335.438819505274,0.011,0.00183634843575875,1036163.6,25.0
7,8.0,0.9027083830785828,6.272051161008001,1200000.0,2.839556079228425e-06,0.18534640294358695,2377.4918277710676,0.011,0.018237495013457727,996274.8,25.0
8,9.0,0.9290405962629061,6.3828978536773775,1200000.0,2.8013396052739586e-06,0.18154224144235087,2949.754582889378,0.011,0.028934545032986925,1010425.6,25.0
9,10.0,0.9291921235711517,6.174508124030666,1200000.0,2.5521113476169774e-06,0.2193743080278523,5398.917001694441,0.011,0.010624339949471817,1010425.6,25.0
10,11.0,0.8234548708692319,5.395171141563665,1200000.0,2.1251647711928963e-06,0.22079341151749787,4510.947065636516,0.011,0.06089161577799579,888583.2,25.0
11,12.0,0.9114667931869914,6.204901770360934,1200000.0,2.8279912693356023e-06,0.20452086660220203,4310.756627507508,0.011,0.007140497720093453,1004509.6,25.0
12,13.0,0.9380287598610384,5.155136067713819,1200000.0,2.2036322627939993e-06,0.21863744128114604,3083.822744347155,0.011,0.07131327221363526,790731.2,25.0
13,14.0,0.9529623697670077,5.80270944595992,1200000.0,2.536526789066203e-06,0.22355892853055792,5483.599093474448,0.011,0.011952485894341613,980519.2,25.0
14,15.0,0.9689368977171712,5.973786512656709,1200000.0,2.664828824679909e-06,0.19593965734537022,3491.5501078739762,0.011,0.03897528458922411,922556.0,25.0
15,16.0,0.965359579929015,5.899650477260508,1200000.0,2.6120841583643473e-06,0.2129975814939229,4557.459485337138,0.011,0.010392801923514716,999232.8,25.0
16,17.0,0.8606279388666089,5.90947863143078,1200000.0,2.415918830361578e-06,0.2054290401594372,3973.293699093163,0.011,0.03504047810176558,983477.2,25.0
17,18.0,0.8625572063202879,6.155766827235276,1200000.0,2.6187133760724487e-06,0.20820576607601993,3623.627888031304,0.011,0.017630695135136598,970536.8,25.0
18,19.0,0.9452332747689678,5.3972210337656605,1200000.0,2.322032166965444e-06,0.21502662154036756,3128.078721113503,0.011,0.06060716828738055,817040.4,25.0
19,20.0,0.9136034301498568,5.7298444198913785,1200000.0,2.4194872954362597e-06,0.21228837714208737,3746.4521279484034,0.011,0.029551975210794557,938882.8,25.0
20,21.0,0.8459035863273592,5.460005727243541,1200000.0,2.319377660207702e-06,0.2383169940472527,5627.379081860185,0.011,0.045891225315442874,822956.4,25.0
21,22.0,0.8944924865793604,6.343246857341413,1200000.0,2.631663343717421e-06,0.18560673745299283,3149.0616225749254,0.011,0.03254806155704432,1030886.8,25.0
22,23.0,0.9269080890534172,5.888415668947502,1200000.0,2.6077385280402405e-06,0.2210361542847039,4519.104175247252,0.011,0.008948322804772646,949504.4,25.0
23,24.0,0.9512048467314185,5.972025585869893,1200000.0,2.7317687288270725e-06,0.20562646013444663,3173.94825720042,0.011,0.012084112291258664,946546.4,25.0
24,25.0,0.8813067574243164,6.1195147422976035,1200000.0,2.6401144648735623e-06,0.18914233024911908,2862.0161110162735,0.011,0.035094000831335015,970536.8,25.0
25,26.0,0.8252736314112543,5.72896496658246,1200000.0,2.4208406607455045e-06,0.2044653591444927,2481.397039875388,0.011,0.05924479961020246,832938.8,25.0
26,27.0,0.9424232552338888,5.286669717351664,1200000.0,2.3377038180647503e-06,0.21972743191796695,3922.9687024131417,0.011,0.04567688909606171,856929.2,25.0
27,28.0,0.9024921832659851,6.021410275313443,1200000.0,2.6088062888908435e-06,0.2248576902768349,4610.306400105357,0.011,0.00955817497446465,932966.8,25.0
28,29.0,0.8250830350914036,6.520179265814647,1200000.0,2.957033226183929e-06,0.1897593972713807,2973.8688747808337,0.011,0.00968621728564445,1007467.6,25.0
29,30.0,0.890236454925934,6.016502488088584,1200000.0,2.641664574691892e-06,0.2077908399843551,3984.467636719346,0.011,0.022364814038637493,949504.4,25.0
30,31.0,0.88975062203439,5.83808454061127,1200000.0,2.611924006016448e-06,0.21222682994006448,3943.996865257621,0.011,0.01681659244987649,941269.6,25.0
31,32.0,0.8860580195968042,6.253164725572596,1200000.0,2.7806111586271078e-06,0.2124871148734755,4515.19812938571,0.011,0.0020857100253386385,1007467.6,25.0
32,33.0,0.9677579933873948,6.029373120681569,1200000.0,2.6931241381773338e-06,0.20155784227613793,3523.007378615439,0.011,0.016461333692399494,986435.2,25.0
33,34.0,1.0669183630952097,6.4578322559639005,1200000.0,2.878189050717662e-06,0.20006234943831913,3922.841230355203,0.011,4.543898035613836e-09,1057196.0,25.0
34,35.0,0.9486457514563612,6.130831234987376,1200000.0,2.5940597134784e-06,0.18943473148608803,3717.039876781404,0.011,0.03820139756170848,999232.8,25.0
35,36.0,0.8824185503077521,6.590086242454241,1200000.0,3.1260490200141257e-06,0.19438179641567643,3062.128575667739,0.011,0.007670699571044215,946546.4,25.0
36,37.0,0.8477496566949448,6.254786482698755,1200000.0,2.669919703123735e-06,0.20205755399179992,3497.930511638522,0.011,0.03880063807634043,890902.0,25.0
37,38.0,1.054626035850966,5.895204314417356,1200000.0,2.6024546760354826e-06,0.22164454884104856,4652.1249395385385,0.011,1.9142771479074838e-08,1004509.6,25.0
38,39.0,0.9184945019835231,5.9887319352506765,1200000.0,2.5403936781100757e-06,0.1953719968228924,3862.998881056905,0.011,0.033000429329963665,1004509.6,25.0
39,40.0,0.8564578060014827,5.853670601175828,1200000.0,2.545838791719171e-06,0.2019569770729177,3071.376346848905,0.011,0.04363928333455935,888583.2,25.0
40,41.0,0.7941192451165794,5.563385287684866,1200000.0,2.5409585495501447e-06,0.23142796474922278,4527.786968193948,0.011,0.02954284126831258,822956.4,25.0
41,42.0,0.9744381392194955,6.346982887306389,1200000.0,2.8949744732103457e-06,0.2050136715041475,3772.551749572158,0.011,4.3574376884514265e-09,999232.8,25.0
42,43.0,0.9250932452770577,6.207591008847139,1200000.0,2.7107728211511555e-06,0.16680195127941033,2499.929155744612,0.011,0.0490625210709269,1012173.2,25.0
43,44.0,0.9794896970098207,5.478996982973271,1200000.0,2.3963707523783445e-06,0.20674475616965537,2810.540539547801,0.011,0.04981081782216068,856929.2,25.0
44,45.0,0.9237911591826069,6.2721257029742645,1200000.0,2.9708532320044863e-06,0.19555739503513792,4151.217283524573,0.011,0.028896952040374846,909615.6,25.0
45,46.0,0.931153453084009,6.478555379231111,1200000.0,2.946394173167422e-06,0.20496497325260776,4812.346746370196,0.011,3.431041734058837e-08,1033205.6,25.0
46,47.0,0.8912239801859633,6.138899907166994,1200000.0,2.824991641264151e-06,0.20917333303432883,4128.751349315047,0.011,2.0951932300228293e-08,1007467.6,25.0
47,48.0,0.8775309924641738,6.747901386808749,1200000.0,2.958436071481023e-06,0.19931006144530272,4359.577042780817,0.011,3.246777796617195e-08,1064859.6,25.0
48,49.0,0.8325246234064564,6.801659787825301,1200000.0,3.2969341337805584e-06,0.1717633062853139,1457.489953584969,0.011,0.01129257529106753,967578.8,25.0
49,50.0,0.9102323182311695,5.924647257660396,1200000.0,2.57796787433157e-06,0.22456161204004133,5543.390184983611,0.011,0.03442553085769251,864592.8,25.0
50,51.0,0.8703167656791202,5.668987945798484,1200000.0,2.702191317292482e-06,0.2426580020147142,6953.965699546039,0.011,5.1807447221108305e-11,917850.4,25.0
51,52.0,0.8938317029084895,6.719909663666101,1200000.0,3.004096882331781e-06,0.17445931066838938,2227.253770120442,0.011,0.023231661759216038,1006896.4,25.0
52,53.0,0.8741069587224707,6.065896532129479,1200000.0,2.7929064819445096e-06,0.22362069240745086,6059.572757616639,0.011,1.2812217953239724e-10,983477.2,25.0
53,54.0,0.9070780409787212,5.818006592289876,1200000.0,2.5652171000232614e-06,0.21165970762363173,4460.574978403747,0.011,0.037459117870600356,888583.2,25.0
54,55.0,0.9526631208059791,5.931303320229382,1200000.0,2.6720812852288844e-06,0.20231356911826737,3091.221985846758,0.011,0.02236067531482855,938882.8,25.0
55,56.0,0.9140816304031743,5.356811994269634,1200000.0,2.449190907726642e-06,0.21395090284156026,3763.0081365555525,0.011,0.04137467756054125,856929.2,25.0
56,57.0,0.8856199461762339,5.145705952772801,1200000.0,2.01670127453256e-06,0.21733888050656702,3079.3419990241528,0.011,0.06576568641319541,883877.6,25.0
57,58.0,0.8537957024959748,5.900845208523258,1200000.0,2.8054878149680847e-06,0.22472275774037342,5140.760682977736,0.011,0.009615051039429556,880348.4,25.0
58,59.0,0.9742280442328777,6.093378515409611,1200000.0,2.8521290011913336e-06,0.21479653470753135,4189.379197612405,0.011,1.0039474807044257e-10,954781.2,25.0
59,60.0,0.9550588657918552,6.9415333361163505,1200000.0,3.1902382567362955e-06,0.18534569808673496,3429.980385571718,0.011,4.209768256213664e-09,1057196.0,25.0
60,61.0,0.9207835462046315,6.277027345286356,1200000.0,2.9838407843197522e-06,0.19890004235756464,3953.0390644818544,0.011,0.012248032287831057,954781.2,25.0
61,62.0,0.8605100920417064,5.4168688790556345,1200000.0,2.28478450650752e-06,0.21811424034361693,3848.6151097640395,0.011,0.05503293108443713,853971.2,25.0
62,63.0,0.95455811535023,5.98462900050189,1200000.0,2.6534736561437494e-06,0.19074335327738368,2473.410045042634,0.011,0.01868165318881243,1007467.6,25.0
63,64.0,0.9120337801793214,5.91170198054072,1200000.0,2.735496635248402e-06,0.23262626506813433,4982.99527412653,0.011,3.8172447425210976e-09,896818.0,25.0
64,65.0,0.9891031777609276,6.317164855305755,1200000.0,2.8039499495968967e-06,0.21750711428218494,6032.030876651406,0.011,2.7607416352992686e-10,1025542.0,25.0
65,66.0,0.9927364320668804,6.026718270857145,1200000.0,2.7082392024536974e-06,0.19835265089241005,3453.888184390962,0.011,0.019530528966438865,983477.2,25.0
66,67.0,0.9413501582240881,6.055124032535062,1200000.0,2.6489891735863357e-06,0.21269381905046458,4512.439604669809,0.011,1.2802814364221149e-11,1060154.0,25.0
67,68.0,0.9259542312292853,6.343585658683345,1200000.0,2.6359790810509656e-06,0.18799194800368468,3238.008468002081,0.011,0.039884999487649675,975242.4,25.0
68,69.0,0.8568176452218063,6.442885130396633,1200000.0,2.9995538328238093e-06,0.19800098397616495,3633.884382583201,0.011,0.009780874815529694,973494.8,25.0
69,70.0,0.9290712297347244,5.328295275953458,1200000.0,2.2635291817249174e-06,0.21595028812554773,3473.335189715028,0.011,0.04965457222787745,869869.6,25.0
70,71.0,0.9614929619396076,6.426708145797036,1200000.0,2.611568538143965e-06,0.18776571983367774,3274.9571293517947,0.011,0.021765605009273215,1088850.0,25.0
71,72.0,0.9227511822796064,6.028601402633775,1200000.0,2.65228066094069e-06,0.21070943054189684,4376.103785723448,0.011,0.004441244039704528,1036163.6,25.0
72,73.0,0.9808728254599245,5.756456626495357,1200000.0,2.5187165041621863e-06,0.23928098663308361,7598.068797193468,0.011,6.251055229000713e-12,1004509.6,25.0
73,74.0,0.9696089822584065,5.658099487921511,1200000.0,2.6319875621139835e-06,0.22882083610969772,3853.975450798869,0.011,0.014062374601920336,856929.2,25.0
74,75.0,0.94191289184752,6.065499224921169,1200000.0,2.7693291328607025e-06,0.2127957727884322,3706.0533917099237,0.011,7.746459640411985e-09,975242.4,25.0
75,76.0,0.8743349328732357,5.867848163160538,1200000.0,2.4916885416642026e-06,0.22056542611690588,4479.458193212748,0.011,0.009060859611745575,996274.8,25.0
76,77.0,0.9379117896471267,6.114099577304842,1200000.0,3.0555010325493696e-06,0.21005633069481888,3736.6581234931946,0.011,3.2898406221448795e-11,920808.4,25.0
77,78.0,0.8674964284353551,6.171792757863798,1200000.0,2.5987253191218663e-06,0.18211547445408627,2690.937577329576,0.011,0.03918746922280275,1006896.4,25.0
78,79.0,0.9209050066386105,6.099181828406721,1200000.0,2.7783306194649105e-06,0.18476182876203495,2785.8958104923368,0.011,0.03463685473287398,946546.4,25.0
79,80.0,0.925212871887127,6.621734804387351,1200000.0,3.1661483360100908e-06,0.18953689733217516,3469.278669819236,0.011,1.1917013709172863e-08,1027928.8,25.0
80,81.0,0.9702498671018903,6.301619762754896,1200000.0,2.9821103353425805e-06,0.21471351910859227,5192.244044184685,0.011,5.3868861038530724e-09,962444.8,25.0
81,82.0,0.9807751367364627,5.606548934931517,1200000.0,2.6500098508375495e-06,0.23709294914132073,5224.0149923712015,0.011,0.002200296837001181,885625.2,25.0
82,83.0,0.938355947930531,5.664939613724883,1200000.0,2.4649406300780483e-06,0.21802021059464494,3917.6144918724895,0.011,0.02743662343591069,909615.6,25.0
83,84.0,0.9560264321287427,5.285310253652511,1200000.0,2.558029740248111e-06,0.22948561264706768,3797.0676971301436,0.011,0.014028836003407652,859887.2,25.0
84,85.0,0.7079138796140396,6.579010977815507,1200000.0,2.833715098232363e-06,0.18491736279980842,2733.611896522343,0.011,0.030164886462378304,975242.4,25.0
85,86.0,0.949990348235617,5.907406839557062,1200000.0,2.742871468555219e-06,0.21133559861151952,3695.2292898744345,0.011,0.024501983475010647,872827.6,25.0
86,87.0,0.8957431616946506,5.629317546281044,1200000.0,2.4475568434044814e-06,0.22562634037655016,4546.2783511430025,0.011,0.029000861753837315,880919.6,25.0
87,88.0,0.866647385898487,6.444615934635635,1200000.0,2.745238711046713e-06,0.19731254354397976,4568.09246379137,0.011,0.02466334603265591,1004509.6,25.0
88,89.0,0.8391735279804793,5.884167880701433,1200000.0,2.615210517972393e-06,0.22216257832306496,4035.799363479018,0.011,0.01037119897712968,917850.4,25.0
89,90.0,0.9567054923193417,6.3500709702424984,1200000.0,2.8870145219777175e-06,0.20117793842103993,4226.469081014395,0.011,0.007036328660741165,1012173.2,25.0
90,91.0,0.9204058788507324,6.065603056717926,1200000.0,2.6976971329056135e-06,0.18712055775264247,2928.1072165444493,0.011,0.03367276713075973,975813.6,25.0
91,92.0,0.8654394238204345,5.995608152809993,1200000.0,2.6544335777832265e-06,0.18587430519305315,1834.805283240974,0.011,0.0402856049584982,914892.4,25.0
92,93.0,0.9092883990569779,5.883684546751539,1200000.0,2.6668466596304436e-06,0.20579948883259647,3869.2905793711543,0.011,0.02655989769233308,912573.6,25.0
93,94.0,0.9185681497901264,6.497060690719167,1200000.0,2.881136615875427e-06,0.2022707870067748,3973.02083081007,0.011,7.796801537729436e-10,1039121.6,25.0
94,95.0,0.9895759939652448,5.9044601782329025,1200000.0,2.584560218740173e-06,0.20924141022938159,3887.206085398793,0.011,0.008332552481683131,1028500.0,25.0
95,96.0,1.0031114007378885,5.976143225211722,1200000.0,2.652709463626337e-06,0.2175988568980074,4403.240997724235,0.011,4.271084597107233e-10,1002190.8,25.0
96,97.0,0.8541606195990337,6.259015191859582,1200000.0,2.863511803477782e-06,0.20478518767963294,4368.131861567497,0.011,0.007773909174658422,999232.8,25.0
97,98.0,0.8523640491264817,6.269450753514242,1200000.0,2.7480468388898645e-06,0.2066193114180379,3796.422152861953,0.011,1.3590588099354761e-09,1036163.6,25.0
98,99.0,0.8756359988779701,5.535489000128315,1200000.0,2.4550909039801943e-06,0.22891872138100666,4661.693726994097,0.011,0.016083726213364014,917279.2,25.0
99,100.0,0.9505657817805283,6.0594509731344175,1200000.0,2.8420004513757643e-06,0.19523246364835245,3174.019688434899,0.011,0.017083312637500347,964620.8,25.0
100,101.0,0.881298042797345,5.333219774125446,1200000.0,2.275548138054702e-06,0.2141941408087149,3391.9615784212947,0.011,0.04249768657188013,906657.6,25.0
101,102.0,0.9204154729394394,5.5553361856221315,1200000.0,2.2912451354284785e-06,0.20671737474953034,2738.131036438048,0.011,0.059479478430610855,864592.8,25.0
102,103.0,0.9566512591030537,6.2493221441956734,1200000.0,2.8088319149268705e-06,0.20410375734881114,4640.155354678631,0.011,0.010623264007409872,1007467.6,25.0
103,104.0,0.9731472951310093,5.8858630399004,1200000.0,2.667236996611382e-06,0.23385204596348785,5741.523355856538,0.011,4.8811396591297296e-09,941269.6,25.0
104,105.0,1.0717661566283865,5.910038191316161,1200000.0,2.62816059539148e-06,0.19851299370654374,3258.4886434078217,0.011,0.020792106288740397,986435.2,25.0
105,106.0,0.9145578236307197,5.93050448706078,1200000.0,2.7915766158133728e-06,0.21441024344042603,5099.270078629255,0.011,0.02296761520483459,893860.0,25.0
106,107.0,0.9021617013113586,5.3692358295439035,1200000.0,2.4417371619182916e-06,0.220209952598438,3695.2158936932683,0.011,0.019644441084690822,922556.0,25.0
107,108.0,1.043366361385228,5.855697333231873,1200000.0,2.6499986282438605e-06,0.2374848913936347,6283.810651816428,0.011,1.5474197478937413e-09,917850.4,25.0
108,109.0,0.9144208326515995,5.382881829337116,1200000.0,2.1991981390950534e-06,0.22824001405381722,6712.321583665907,0.011,0.06075649234192415,885625.2,25.0
109,110.0,0.8369276251139872,5.249239560849901,1200000.0,2.1424485894767906e-06,0.22980318558878565,5053.334958486259,0.011,0.06608415704706722,832938.8,25.0
110,111.0,0.843224725740432,6.381210361488456,1200000.0,2.806468077202852e-06,0.20612011696378119,2954.6499613523483,0.011,0.005442530940310886,959486.8,25.0
111,112.0,0.88322502881067,5.881020193375967,1200000.0,2.514626044234577e-06,0.20266279899107076,3608.5572114363313,0.011,0.04284264322536652,914892.4,25.0
112,113.0,0.7738262054912364,7.032726212533028,1200000.0,3.173020469176394e-06,0.15618101314682065,1666.0486920326948,0.011,0.03562444404393661,1015131.2,25.0
113,114.0,0.9954698231210561,5.688808524626744,1200000.0,2.406479409530002e-06,0.22408971037313563,6656.840612672269,0.011,0.028621958780617074,973494.8,25.0
114,115.0,0.9303382748147857,5.513895309163317,1200000.0,2.372495050378048e-06,0.22685345856967132,5134.690630301833,0.011,0.01861691969002549,962444.8,25.0
115,116.0,0.8631410043062789,6.217420817394547,1200000.0,2.6706876997090344e-06,0.21940461875260553,4750.85896705091,0.011,9.756270236138676e-10,1007467.6,25.0
116,117.0,0.8670434490798518,5.386363357025331,1200000.0,2.283466088749652e-06,0.22032813201653312,3852.4548207074404,0.011,0.05514368305721501,835896.8,25.0
117,118.0,0.9631780397396651,5.489650053577073,1200000.0,2.2366631798701337e-06,0.20639510506882885,3146.2427179291844,0.011,0.06446037531615212,877961.6,25.0
118,119.0,0.8678965680698688,5.465883517639455,1200000.0,2.0904003593917863e-06,0.21427659785950226,4393.452399775386,0.011,0.06464609096013452,930790.8,25.0
119,120.0,1.041817183552918,6.409729469590111,1200000.0,2.852941370497727e-06,0.1984148733446105,3931.0752607136965,0.011,5.916542256123591e-10,1088850.0,25.0
120,121.0,0.8783200504491673,6.110405255183657,1200000.0,2.759447224750402e-06,0.20656331811107265,3760.8691623434424,0.011,0.010674487528081922,970536.8,25.0
121,122.0,0.8638649075671476,6.602485907225031,1200000.0,2.920979092638561e-06,0.1945485372201432,3908.796416208148,0.011,4.518192570079904e-08,1088850.0,25.0
122,123.0,0.9136959714568123,6.021665284756139,1200000.0,2.647254272754982e-06,0.20271500452228963,3433.4479284137487,0.011,0.03665956492727007,896818.0,25.0
123,124.0,0.9625965444518905,6.191507343609551,1200000.0,2.888558594307701e-06,0.2066444001524843,4132.897127494216,0.011,1.167134722201979e-10,1002190.8,25.0
124,125.0,0.9577900975381892,6.195292370297821,1200000.0,2.8854979509862616e-06,0.18378376150037923,3033.055674687028,0.011,0.0408977173864587,920808.4,25.0
125,126.0,0.9223063230640994,5.896652656124722,1200000.0,2.6056738772096215e-06,0.20882713023688382,4318.105631403625,0.011,0.02651475372032669,935924.8,25.0
126,127.0,0.8869574483093381,5.342144071507391,1200000.0,2.212005273372273e-06,0.20980140219586474,2989.653411142528,0.011,0.06258680040001946,859887.2,25.0
127,128.0,0.8531508169759218,6.393728377407761,1200000.0,3.149196944554733e-06,0.19405840780509465,2933.8456096574664,0.011,0.008107063078868382,922556.0,25.0
128,129.0,0.9702058171341251,5.7545838813963,1200000.0,2.576191751432912e-06,0.23296518227825658,5324.654020823538,0.011,0.010444215696819859,917850.4,25.0
129,130.0,0.8937286572595845,6.340659496781733,1200000.0,2.7468075929735307e-06,0.18688844366192114,2835.3479104936123,0.011,0.023877244424315436,1004509.6,25.0
130,131.0,0.9310596511853718,6.280973325223734,1200000.0,2.6327835355527217e-06,0.18001115486508468,2530.044050499797,0.011,0.03844598473533395,1007467.6,25.0
131,132.0,0.9424844076034173,6.327975520409581,1200000.0,2.739974314936885e-06,0.2015589357033889,4104.922232232988,0.011,0.011790245198725513,1028500.0,25.0
132,133.0,0.913631189403366,5.866802286845022,1200000.0,2.544720549520286e-06,0.2220073387772601,5139.798857331276,0.011,0.018868375221660794,946546.4,25.0
133,134.0,0.7887096678175848,6.521734147837151,1200000.0,2.8975089369634034e-06,0.17055206857082794,1921.097455367446,0.011,0.031986858790355455,999232.8,25.0
134,135.0,0.9429146912292318,6.213861547175817,1200000.0,2.7280104670275522e-06,0.20167157054450513,3530.685008339584,0.011,0.018997057878880674,967578.8,25.0
135,136.0,0.8758793922617613,5.484094641790179,1200000.0,2.2310244352814412e-06,0.20397531120108425,3605.858109667897,0.011,0.05814409832038342,922556.0,25.0
136,137.0,0.8845776183019444,5.7273534660233025,1200000.0,2.6716502302887157e-06,0.22259324490161703,4757.853078849614,0.011,1.1074474670635936e-13,983477.2,25.0
137,138.0,0.812874001071681,5.796768325880414,1200000.0,2.458444864238372e-06,0.2183751971150656,3806.200895793736,0.011,0.023946212280120116,917850.4,25.0
138,139.0,0.9579006849318641,5.670988093053538,1200000.0,2.597811849040477e-06,0.2306427743835684,5779.564748950303,0.011,0.007409171401483061,946546.4,25.0
139,140.0,0.8583846150743492,5.930899510848512,1200000.0,2.6522729996540322e-06,0.22398413991913202,4899.545550957322,0.011,1.35048788818537e-09,975813.6,25.0
140,141.0,0.876575184239894,5.609413020961107,1200000.0,2.443037312349428e-06,0.21218615622601789,2966.5460926145315,0.011,0.048535962897036544,827662.0,25.0
141,142.0,1.0079948998679906,6.388631904572975,1200000.0,2.867171512038402e-06,0.1720212930939482,2326.1335146799684,0.011,0.046353017846571365,943588.4,25.0
142,143.0,0.8655856047984447,5.658710876548334,1200000.0,2.640327986314535e-06,0.22989298249951418,5273.212939627469,0.011,0.0024584292712480638,951823.2,25.0
143,144.0,0.9438225080390199,6.257052424226785,1200000.0,2.5940632502690047e-06,0.18436692691504675,2975.8632164523005,0.011,0.04114660216150101,999232.8,25.0
144,145.0,0.8560193538546108,5.648333374797218,1200000.0,2.4033404292501487e-06,0.21584532923590416,4304.975159116089,0.011,0.03489941874227176,914892.4,25.0
145,146.0,0.8342997622156333,5.56737706307301,1200000.0,2.5683785711511252e-06,0.23634188053818406,4182.297103382647,0.011,0.023158390632943837,798966.0,25.0
146,147.0,0.95897751121081,5.695440398391682,1200000.0,2.567276603625222e-06,0.21519224133630388,3831.73342435807,0.011,0.01313095683304566,954781.2,25.0
147,148.0,0.9173612957308745,6.244630450671131,1200000.0,2.7587628022571873e-06,0.21290286759187182,4118.92935153842,0.011,1.6321286655518463e-08,1004509.6,25.0
148,149.0,0.8803071321712415,6.857501591122741,1200000.0,2.986832910247061e-06,0.17651393193625609,2471.07101085037,0.011,0.013377084878759327,1067817.6,25.0
149,150.0,0.9552899748540948,5.763079214766293,1200000.0,2.4554252802121246e-06,0.22149418724101366,5344.440886877477,0.011,0.016073415867699836,999232.8,25.0
150,151.0,0.8554996774934664,6.11535681651209,1200000.0,2.719280518570726e-06,0.21604312520172897,4831.570048198104,0.011,1.684831024695299e-08,1025542.0,25.0
151,152.0,0.8344688062381693,5.809413564754024,1200000.0,2.7079499491466813e-06,0.21038943614500738,4201.143843263388,0.011,0.013907581409310366,957739.2,25.0
152,153.0,0.8612286358068826,6.135848521512294,1200000.0,2.602722550271378e-06,0.20099060146548453,3489.8956997692585,0.011,0.026170381939379816,970536.8,25.0
153,154.0,0.9544194292772288,5.891135916136243,1200000.0,2.407292490938085e-06,0.18633031633591202,2641.890343680978,0.011,0.04141357376303667,1028500.0,25.0
154,155.0,0.930646328047258,6.021378887011728,1200000.0,2.7875047518099142e-06,0.2161897296719033,5114.117279946804,0.011,0.013295372287110196,933748.8,25.0
155,156.0,0.9019015288266555,5.5052519659816355,1200000.0,2.4145183150474923e-06,0.21468185433707276,2934.494892731309,0.011,0.049393089394898004,822956.4,25.0
156,157.0,0.9071703569693682,6.0601522698684605,1200000.0,2.5831629695049146e-06,0.21405535667896913,5045.902108371258,0.011,0.020989051735783193,970536.8,25.0
157,158.0,0.9243910403725868,5.486992753141045,1200000.0,2.478253608880572e-06,0.22625279681523125,4912.967269353569,0.011,0.026348000684448647,893860.0,25.0
158,159.0,0.9307397345344033,5.9725884713661515,1200000.0,2.5215154646801138e-06,0.19696963163696068,3270.378554187715,0.011,0.03392620835496912,978771.6,25.0
159,160.0,0.9584244906267063,5.849428580232065,1200000.0,2.4993054936338325e-06,0.19533832013189567,3503.775721028447,0.011,0.03980996333417941,978200.4,25.0
160,161.0,0.9591103291130045,6.308014079331237,1200000.0,2.7467556167619473e-06,0.1797791194967644,2759.9596894979477,0.011,0.024954052645101366,1043827.2,25.0
161,162.0,0.8854485561013133,5.84880441615816,1200000.0,2.412567513303756e-06,0.19750441582673517,4349.753485247493,0.011,0.06516707266851379,917279.2,25.0
162,163.0,0.964629189593118,6.218620669164181,1200000.0,2.720467562242166e-06,0.19217827753023897,3738.8384429886937,0.011,0.030078492917319233,975242.4,25.0
163,164.0,0.8696802918313719,5.183673643692231,1200000.0,2.277637817562463e-06,0.22759398004188114,4261.270838916302,0.011,0.047637681816867006,835896.8,25.0
164,165.0,0.9776400790281417,5.460542335793932,1200000.0,2.2446743283363957e-06,0.20963979912497166,3464.8599544987082,0.011,0.050951899053248983,917279.2,25.0
165,166.0,0.9836083367039112,5.791054672553983,1200000.0,2.4667960034756376e-06,0.21092544803226332,4934.269315391779,0.011,0.031677905274601736,975242.4,25.0
166,167.0,1.0309551235469285,6.32370622194906,1200000.0,2.7366602890361842e-06,0.2105181500931792,4030.751188866794,0.011,4.796653629846048e-10,1028500.0,25.0
167,168.0,0.8762855701755079,6.0414170188747605,1200000.0,2.8137802571145967e-06,0.20476200074636353,3294.607464618981,0.011,0.012471042697277945,935924.8,25.0
168,169.0,0.9314862096102502,6.193683927585326,1200000.0,2.737256733715258e-06,0.2053290369013112,4631.355495497584,0.011,4.07829325865805e-12,1088850.0,25.0
169,170.0,0.9451945895599972,5.4500176935868225,1200000.0,2.3074589815226732e-06,0.21451014822692827,3918.260691523552,0.011,0.0498880877191874,880919.6,25.0
170,171.0,1.0435326247547267,6.238074054065301,1200000.0,3.0959073033222048e-06,0.20317235124296928,3408.18816203624,0.011,2.269920473807474e-09,941269.6,25.0
171,172.0,0.9043258512564174,6.647096230761221,1200000.0,3.2305234138745945e-06,0.1926181705377985,3135.4105238988996,0.011,4.492699440250547e-08,975242.4,25.0
172,173.0,0.914256416822928,6.090433029520213,1200000.0,2.6430859588342227e-06,0.1849158294338693,3186.3728909119964,0.011,0.047673873942141454,949504.4,25.0
173,174.0,0.8057756200162336,6.380786336127841,1200000.0,2.622716701323197e-06,0.19534435544996853,3447.8947558775544,0.011,0.03296676594884684,980519.2,25.0
174,175.0,0.9177642365793711,5.768213249577556,1200000.0,2.4948744988352372e-06,0.22723161496856648,4776.517749555409,0.011,6.505768951337032e-08,1007467.6,25.0
175,176.0,0.9359248703612687,5.40780709199678,1200000.0,2.2856066732936423e-06,0.2239530056090544,3651.1803636923432,0.011,0.0500934819755543,835896.8,25.0
176,177.0,0.9368294138463044,5.664672630187731,1200000.0,2.5562711697106356e-06,0.21908591450149828,4924.886249437928,0.011,0.02651981728957936,911934.4,25.0
177,178.0,0.9527601789774108,6.132736136694099,1200000.0,2.4680246725725693e-06,0.21696171435708322,4634.868208274245,0.011,0.022758896783063753,967578.8,25.0
178,179.0,0.9921987433141244,6.648563320643909,1200000.0,3.021604176153318e-06,0.19814655650693425,4142.023226454854,0.011,8.726129818725781e-10,1036163.6,25.0
179,180.0,0.9842118425129254,5.818561400435229,1200000.0,2.444650054858018e-06,0.18973149397897515,2802.3791055977345,0.011,0.05337100000345607,935924.8,25.0
180,181.0,0.8892447573331196,6.005921644145737,1200000.0,2.651135754376645e-06,0.21684310339932722,5424.013694517314,0.011,0.017794275818734218,951823.2,25.0
181,182.0,0.8678589971397657,5.581048076952484,1200000.0,2.706581339352868e-06,0.22527415342615598,3921.555014386773,0.011,0.02336423904115653,811906.4,25.0
182,183.0,0.970917288849956,6.35466131719263,1200000.0,3.012340126750499e-06,0.19630646624867865,3314.6577275767922,0.011,0.011753773938621759,943588.4,25.0
183,184.0,0.9914556990717013,6.170722508806911,1200000.0,2.7505135802139392e-06,0.21099047376333857,5109.701645903289,0.011,0.007848312987768835,1006896.4,25.0
184,185.0,0.8451826793966264,5.709381277007665,1200000.0,2.4368331906287564e-06,0.1965192590405067,2974.1996910870075,0.011,0.05771355388593835,893860.0,25.0
185,186.0,0.9205826311382919,6.581440146450888,1200000.0,3.179853453851283e-06,0.19452741863788248,3963.058782465756,0.011,7.693286008247924e-10,1010425.6,25.0
186,187.0,0.9705031125898869,5.877617678147338,1200000.0,2.536731281224524e-06,0.19953787484978136,3825.470196507871,0.011,0.03516546148035893,959486.8,25.0
187,188.0,1.0352080379805155,5.549953618112539,1200000.0,2.42854974624409e-06,0.23264712997725923,5121.876976899803,0.011,0.018951787058395786,909615.6,25.0
188,189.0,0.8192832869196479,6.330280486893841,1200000.0,2.7698803472592297e-06,0.18180412936418122,2487.349060833454,0.011,0.053356315705658464,893860.0,25.0
189,190.0,0.8240720195704844,5.918327190372132,1200000.0,2.7256572206530135e-06,0.21291492718930272,3601.152179144323,0.011,0.027609399441661187,851652.4,25.0
190,191.0,0.8432380697946059,5.60329754884652,1200000.0,2.4541595711532547e-06,0.23877440872298905,5732.996678523719,0.011,0.017807673734686724,888583.2,25.0
191,192.0,0.9357327996622615,6.086544876700955,1200000.0,2.958435663821887e-06,0.2040630721863934,3214.101699218154,0.011,0.007768662005957105,914892.4,25.0
192,193.0,0.9494410638751538,6.057507392435568,1200000.0,2.669750143241087e-06,0.21706212908536315,4655.6912961006165,0.011,1.8428236714385093e-10,1010425.6,25.0
193,194.0,0.9552773178050996,5.7002325190699565,1200000.0,2.4792721801621446e-06,0.22045792583842427,4737.034646622837,0.011,0.02867430030656054,906657.6,25.0
194,195.0,0.8675907236166536,6.291799572230275,1200000.0,2.857593381898491e-06,0.20855531878750355,4082.694132268429,0.011,9.229579989167291e-09,999232.8,25.0
195,196.0,0.9153817256106271,6.1759017088716845,1200000.0,2.6506803932974316e-06,0.21618626872029267,4645.110676020384,0.011,3.7766866972654967e-07,1025542.0,25.0
196,197.0,0.9835790593499824,5.819450987456591,1200000.0,2.5428598967745507e-06,0.22263868173322265,4688.0964587926865,0.011,0.016163246373061935,938882.8,25.0
197,198.0,0.8843734178475822,5.974361627877698,1200000.0,2.6477402891452484e-06,0.21285309538404107,4856.468760989606,0.011,0.022156621831287027,938311.6,25.0
198,199.0,0.9088474787585895,6.265133017019345,1200000.0,2.661622756378401e-06,0.19968124471541415,4053.340418331325,0.011,0.02443230441223876,999232.8,25.0
199,200.0,0.8844909099111353,5.646854697240634,1200000.0,2.5061341612969123e-06,0.2331799823123859,4907.562715448439,0.011,2.2773402108544616e-08,975242.4,25.0
