,Resample,RMSLE,beta,d_I,p,c,d_T,r,k_T,U_0,I_0,V_0,T_0
0,1.0,1.153185777226871,2.407336025609388e-05,7.210438900592255e-07,1.0,2.122962526320137,0.011,0.3205584795625356,18772.202100500464,1000000.0,0.0,25.0,944798.8
1,2.0,1.2216248597132275,2.2481844488481108e-05,6.67508428965967e-07,1.0,2.0660502041289277,0.011,0.5364355206096434,83074.40247964859,1000000.0,0.0,25.0,1007467.6
2,3.0,1.1184882735690769,2.2761916735201064e-05,6.992164985118683e-07,1.0,2.1587725459108853,0.011,0.3793078506173515,23984.116188384593,1000000.0,0.0,25.0,883877.6
3,4.0,1.2399703726567455,2.2248062009098442e-05,6.76271813268838e-07,1.0,2.110674318132318,0.011,0.5554885563760124,77845.85018565506,1000000.0,0.0,25.0,943588.4
4,5.0,1.1210465708568802,2.0220905571512854e-05,6.892753331888719e-07,1.0,2.2145521108529778,0.011,0.5888259672433662,70489.930687882,1000000.0,0.0,25.0,893860.0
5,6.0,1.2408306149576447,2.1372891518283352e-05,6.665465147593475e-07,1.0,2.165006267608703,0.011,0.5659808186442774,66732.72413527966,1000000.0,0.0,25.0,872827.6
6,7.0,1.212861687557891,2.2546430755352558e-05,6.74326207799563e-07,1.0,2.1269737619927866,0.011,0.45922882275739596,56751.81908920407,1000000.0,0.0,25.0,1036163.6
7,8.0,1.2030838938071968,2.232154757941397e-05,6.942104539185104e-07,1.0,2.148871120065543,0.011,0.36175856221601776,26719.52013092488,1000000.0,0.0,25.0,996274.8
8,9.0,1.1658016636858886,2.371509382969882e-05,6.765440792333522e-07,1.0,2.143123828046633,0.011,0.3428604543396503,23358.887806266546,1000000.0,0.0,25.0,1010425.6
9,10.0,1.2564982481395641,2.3584653976466906e-05,6.428261930429332e-07,1.0,2.091977047224354,0.011,0.352869861648891,24171.31705069542,1000000.0,0.0,25.0,1010425.6
10,11.0,1.184604044956253,2.1886061881114203e-05,6.677156065148601e-07,1.0,2.1628833743084286,0.011,0.4206731639121486,30304.268343552947,1000000.0,0.0,25.0,888583.2
11,12.0,1.1896680171726355,2.2015917751328375e-05,7.000446299997658e-07,1.0,2.120091681448578,0.011,0.4658949052960608,58334.45162842423,1000000.0,0.0,25.0,1004509.6
12,13.0,1.2047526158070077,2.2040111569703463e-05,6.952751989383371e-07,1.0,2.242125863617531,0.011,0.4709536918002968,34745.47755884379,1000000.0,0.0,25.0,790731.2
13,14.0,1.2379995100485595,2.1460661168619543e-05,6.715291990651919e-07,1.0,2.142065109460681,0.011,0.584325410471962,85705.84533564746,1000000.0,0.0,25.0,980519.2
14,15.0,1.211831712628155,2.3500579997074957e-05,6.947677764930957e-07,1.0,2.1791787019406073,0.011,0.3593722319335271,21849.158504210413,1000000.0,0.0,25.0,922556.0
15,16.0,1.2656516030555631,2.0842772137286893e-05,6.946896307614227e-07,1.0,2.132442079443642,0.011,0.5813895213038762,89927.50494262576,1000000.0,0.0,25.0,999232.8
16,17.0,1.1823333534403424,2.260534294580335e-05,6.440446561360643e-07,1.0,2.1239399093483797,0.011,0.4594840932946127,47492.84916793555,1000000.0,0.0,25.0,983477.2
17,18.0,1.195416045267605,2.325219943509986e-05,6.431015236893243e-07,1.0,2.0863185266271813,0.011,0.4665695551735709,51976.52831403166,1000000.0,0.0,25.0,970536.8
18,19.0,1.1709133030180783,2.3481559089890586e-05,6.705841579078355e-07,1.0,2.2277569545478,0.011,0.4244539056832082,26311.971971288323,1000000.0,0.0,25.0,817040.4
19,20.0,1.2286857943685945,2.1837557056911725e-05,6.629279856768016e-07,1.0,2.133957800742202,0.011,0.4849687929004176,52504.94931276888,1000000.0,0.0,25.0,938882.8
20,21.0,1.1199069862559294,2.316453229951692e-05,6.61958918589823e-07,1.0,2.1547657606234054,0.011,0.5452434182914203,57590.78759782016,1000000.0,0.0,25.0,822956.4
21,22.0,1.1907863544082649,2.374420408286966e-05,6.505709369489181e-07,1.0,2.1111576728062573,0.011,0.35159857866193533,25203.380326092243,1000000.0,0.0,25.0,1030886.8
22,23.0,1.2195836235003878,2.206237196777855e-05,6.800337331159509e-07,1.0,2.1304938132630866,0.011,0.43075693597682374,40775.90865223855,1000000.0,0.0,25.0,949504.4
23,24.0,1.2396171102704356,2.1814517495248854e-05,6.874392071428792e-07,1.0,2.141521641104937,0.011,0.47822760667579445,53779.48633299023,1000000.0,0.0,25.0,946546.4
24,25.0,1.163310594057801,2.3022171918128954e-05,6.736232463957546e-07,1.0,2.124293468440449,0.011,0.42723417937135366,41824.48805143684,1000000.0,0.0,25.0,970536.8
25,26.0,1.1102843369776543,2.522734627139798e-05,6.657683233556903e-07,1.0,2.2051817022814646,0.011,0.32882016167313566,10539.171732626855,1000000.0,0.0,25.0,832938.8
26,27.0,1.1939715229400167,2.082283241365139e-05,7.130799572378299e-07,1.0,2.222578813791351,0.011,0.5024934823170426,47832.10363171995,1000000.0,0.0,25.0,856929.2
27,28.0,1.221793877947687,2.413590910993678e-05,6.451894715611193e-07,1.0,2.139043218301019,0.011,0.35342007642408646,19167.954623676836,1000000.0,0.0,25.0,932966.8
28,29.0,1.1570077664608318,2.316576417436436e-05,6.928077260176283e-07,1.0,2.102098567158272,0.011,0.3431563711334462,25410.20838484913,1000000.0,0.0,25.0,1007467.6
29,30.0,1.1630979774995165,2.2583625850854818e-05,6.646836497247612e-07,1.0,2.0992588439951305,0.011,0.6326751645886972,103399.24752819538,1000000.0,0.0,25.0,949504.4
30,31.0,1.2055382016070284,2.168688138943361e-05,6.916758230077018e-07,1.0,2.145017907559904,0.011,0.44842529919803553,45137.12397649139,1000000.0,0.0,25.0,941269.6
31,32.0,1.145923393929362,2.2728316123073966e-05,6.646867892056715e-07,1.0,2.1016136146700504,0.011,0.48445323146619756,61864.710059955716,1000000.0,0.0,25.0,1007467.6
32,33.0,1.220921161000289,2.252815053025952e-05,6.748669077403911e-07,1.0,2.1880672633496445,0.011,0.36652002846182796,24897.55498817563,1000000.0,0.0,25.0,986435.2
33,34.0,1.3274386642475506,2.2585701954530318e-05,6.656454525827809e-07,1.0,2.1037713294532807,0.011,0.4574533067550419,58848.89768144488,1000000.0,0.0,25.0,1057196.0
34,35.0,1.2190097650202965,2.2948637293247113e-05,6.776048735830453e-07,1.0,2.131529874419982,0.011,0.3779421760590722,30899.44863629341,1000000.0,0.0,25.0,999232.8
35,36.0,1.1680986350678981,2.4482967669968064e-05,6.93781157956701e-07,1.0,2.0886712831828262,0.011,0.3890967242699972,35142.01364609599,1000000.0,0.0,25.0,946546.4
36,37.0,1.2026647242102264,2.560856399137936e-05,6.743189437203255e-07,1.0,2.081716597873168,0.011,0.3326825058013938,17081.962927930057,1000000.0,0.0,25.0,890902.0
37,38.0,1.3757147971525021,2.0912068514515685e-05,6.789597489937144e-07,1.0,2.131648339101112,0.011,0.5241052270091373,70428.5733589679,1000000.0,0.0,25.0,1004509.6
38,39.0,1.178207747115352,2.1534958997413206e-05,6.768747959223041e-07,1.0,2.1070850779390042,0.011,0.7324580149329663,143819.58201973885,1000000.0,0.0,25.0,1004509.6
39,40.0,1.1595509746685264,2.3750877964506097e-05,6.757778299260885e-07,1.0,2.1541836584032836,0.011,0.39802270891389924,27719.450117856264,1000000.0,0.0,25.0,888583.2
40,41.0,1.044486477261599,2.3594520814675723e-05,7.030704832671413e-07,1.0,2.2336167595881946,0.011,0.3353257644159484,11284.159828543663,1000000.0,0.0,25.0,822956.4
41,42.0,1.2700093608577407,2.2571438697493752e-05,6.76757824173089e-07,1.0,2.085652709153372,0.011,0.5250385004720286,78002.23739859462,1000000.0,0.0,25.0,999232.8
42,43.0,1.187518854410833,2.1756929784381475e-05,7.105853273478343e-07,1.0,2.137528613935764,0.011,0.4879456960364834,65244.31463121623,1000000.0,0.0,25.0,1012173.2
43,44.0,1.243710971482395,2.2246706006561227e-05,6.889562365234331e-07,1.0,2.210882744361392,0.011,0.4211098510518241,29434.466373592615,1000000.0,0.0,25.0,856929.2
44,45.0,1.127954915629021,2.436543648418157e-05,7.144651884957091e-07,1.0,2.144507002523852,0.011,0.38545383964449087,30637.632705792785,1000000.0,0.0,25.0,909615.6
45,46.0,1.2208196993369724,2.245987179082283e-05,6.865846255421095e-07,1.0,2.063587785067952,0.011,0.7513880473701136,167231.19246240705,1000000.0,0.0,25.0,1033205.6
46,47.0,1.1641814063000886,2.1527418050177635e-05,6.89163163208645e-07,1.0,2.1209858027229416,0.011,0.6266653463422713,108156.49887206405,1000000.0,0.0,25.0,1007467.6
47,48.0,1.171578011014886,2.3626978510609657e-05,6.528448522321798e-07,1.0,2.037052405949723,0.011,0.5527150295829912,97153.68984328955,1000000.0,0.0,25.0,1064859.6
48,49.0,1.109377391182846,2.488820678545799e-05,7.017444671005073e-07,1.0,2.154231584450379,0.011,0.2824720786296737,10849.96313047409,1000000.0,0.0,25.0,967578.8
49,50.0,1.1839547048570342,2.5026234322017516e-05,6.606125040077289e-07,1.0,2.1245759561677104,0.011,0.42498895759170807,33341.66696226597,1000000.0,0.0,25.0,864592.8
50,51.0,1.1179483724388646,2.0968705787096742e-05,7.175135217076805e-07,1.0,2.1631553089680153,0.011,0.7044384823534173,118537.31620445848,1000000.0,0.0,25.0,917850.4
51,52.0,1.2313079871100208,2.4286423635125648e-05,6.787613318325408e-07,1.0,2.085242082660706,0.011,0.34212921007316055,25441.414918012917,1000000.0,0.0,25.0,1006896.4
52,53.0,1.151487628723039,2.1959016160084583e-05,6.924294682119218e-07,1.0,2.1118608852175598,0.011,0.6405506164600467,112231.98793610185,1000000.0,0.0,25.0,983477.2
53,54.0,1.1584735543748397,2.3414021966270196e-05,6.881506720582829e-07,1.0,2.1592774819254643,0.011,0.39654596923620744,28396.305179536343,1000000.0,0.0,25.0,888583.2
54,55.0,1.203435372563344,2.249144710118488e-05,6.826576405439958e-07,1.0,2.170091474747238,0.011,0.41347719073385747,34117.595825225115,1000000.0,0.0,25.0,938882.8
55,56.0,1.1470209234994833,2.020482648349274e-05,7.324938418719969e-07,1.0,2.1736765813756165,0.011,1.056762275286438,224073.4096146673,1000000.0,0.0,25.0,856929.2
56,57.0,1.2033671084265951,2.054913694330085e-05,6.480095618621506e-07,1.0,2.195090289906531,0.011,0.669005646942523,89016.41546627134,1000000.0,0.0,25.0,883877.6
57,58.0,1.1711749694497389,2.2322830146995315e-05,7.231607925211567e-07,1.0,2.1207811688435783,0.011,0.46981016375580253,50989.737354278564,1000000.0,0.0,25.0,880348.4
58,59.0,1.2680118729174241,2.2208855502942675e-05,7.00829508400462e-07,1.0,2.13956995400882,0.011,0.4006797563866513,35059.497155964375,1000000.0,0.0,25.0,954781.2
59,60.0,1.2625611920393753,2.3390578251533622e-05,6.901934485166271e-07,1.0,2.0386428139812054,0.011,0.47106968990683384,74536.57184574008,1000000.0,0.0,25.0,1057196.0
60,61.0,1.1983436460063348,2.2695736136395007e-05,7.208392353118192e-07,1.0,2.1232654827473354,0.011,0.43341092087847954,47301.04388792813,1000000.0,0.0,25.0,954781.2
61,62.0,1.145906252857917,2.2458431990596382e-05,6.708382964827525e-07,1.0,2.1894228314549693,0.011,0.46796952073197673,38929.41346292198,1000000.0,0.0,25.0,853971.2
62,63.0,1.22655380235104,2.094890858016897e-05,6.846536741193383e-07,1.0,2.157053174562236,0.011,0.5419390525633361,75538.64118096232,1000000.0,0.0,25.0,1007467.6
63,64.0,1.1999481604085054,2.309058888146889e-05,6.773146807153169e-07,1.0,2.142057508641841,0.011,0.40884056680549463,31631.18074426055,1000000.0,0.0,25.0,896818.0
64,65.0,1.320171975300099,2.2746449059645485e-05,6.842263944040804e-07,1.0,2.099057067836924,0.011,0.38325336708438584,35837.03918053955,1000000.0,0.0,25.0,1025542.0
65,66.0,1.2823457252335835,2.205924590390355e-05,6.955723267324602e-07,1.0,2.1724426758835023,0.011,0.37396080046182334,27856.16600485146,1000000.0,0.0,25.0,983477.2
66,67.0,1.1740849990269977,2.1043683566148504e-05,6.561591583210052e-07,1.0,2.118185357407995,0.011,1.1454258088340268,291961.63110972196,1000000.0,0.0,25.0,1060154.0
67,68.0,1.261542211275582,2.4066485970364834e-05,6.530300306469979e-07,1.0,2.052387305175749,0.011,0.4486699154874998,52526.268787406385,1000000.0,0.0,25.0,975242.4
68,69.0,1.1217916951447573,2.4037497701089316e-05,6.906131855095654e-07,1.0,2.137304859530815,0.011,0.3453024162350786,22648.88142184168,1000000.0,0.0,25.0,973494.8
69,70.0,1.2091918231105305,2.1126861829838046e-05,6.867760358921022e-07,1.0,2.1987880904389954,0.011,0.4991981964860486,47925.181719109416,1000000.0,0.0,25.0,869869.6
70,71.0,1.2576537840223183,2.3156359968916996e-05,6.337181055915232e-07,1.0,2.0902235276421095,0.011,0.39321052911950005,39073.15588156134,1000000.0,0.0,25.0,1088850.0
71,72.0,1.1988203563468556,2.1352218586614156e-05,6.685273637948395e-07,1.0,2.1354376210727892,0.011,0.5763170881828046,89402.1443940103,1000000.0,0.0,25.0,1036163.6
72,73.0,1.2940308500404991,2.055373612568011e-05,6.799471727346584e-07,1.0,2.097978341479987,0.011,1.5167662404618483,428047.02904964983,1000000.0,0.0,25.0,1004509.6
73,74.0,1.2279707396680744,2.300206930824233e-05,6.71331745690625e-07,1.0,2.194316555151019,0.011,0.4601399813070586,37682.83041340113,1000000.0,0.0,25.0,856929.2
74,75.0,1.203292106599481,2.2176620543129034e-05,6.723185675685476e-07,1.0,2.1344280474143034,0.011,0.47419641431047665,54918.302893571556,1000000.0,0.0,25.0,975242.4
75,76.0,1.1902065413867593,2.1481664282085346e-05,6.469251646031441e-07,1.0,2.1177066344011806,0.011,0.5675669357361386,80504.8363558203,1000000.0,0.0,25.0,996274.8
76,77.0,1.140463918270195,2.255563646354776e-05,7.36479042583773e-07,1.0,2.19505255810968,0.011,0.361038818674146,23998.55529604107,1000000.0,0.0,25.0,920808.4
77,78.0,1.1444597456756875,2.308970649423284e-05,6.695226535745298e-07,1.0,2.145406447169613,0.011,0.3444028095082814,22044.518721222878,1000000.0,0.0,25.0,1006896.4
78,79.0,1.1964012636542496,2.198338562830843e-05,7.073060045038594e-07,1.0,2.1115980654408304,0.011,0.649288602737272,113437.95653163642,1000000.0,0.0,25.0,946546.4
79,80.0,1.1671653720951563,2.2570326986131276e-05,7.192001745047908e-07,1.0,2.117765583097494,0.011,0.40402495650182146,45875.476008594036,1000000.0,0.0,25.0,1027928.8
80,81.0,1.2426822248920182,2.3188965740572007e-05,7.068127177225369e-07,1.0,2.1215406228790954,0.011,0.39286316855110215,35641.4328192696,1000000.0,0.0,25.0,962444.8
81,82.0,1.26727395283412,2.1070434074479424e-05,7.115655098173599e-07,1.0,2.1660023614240345,0.011,0.5023381077853486,54968.03896185756,1000000.0,0.0,25.0,885625.2
82,83.0,1.2220421329646587,2.2144920520408176e-05,6.765447419682609e-07,1.0,2.170166982657676,0.011,0.41846930863366794,31995.507020503283,1000000.0,0.0,25.0,909615.6
83,84.0,1.1756589136937061,2.0063290620093316e-05,7.321416698122601e-07,1.0,2.252008343593218,0.011,0.5984002768466823,72442.81925946474,1000000.0,0.0,25.0,859887.2
84,85.0,1.0923730259380124,2.529936060740444e-05,6.596242231561377e-07,1.0,2.0804877248680427,0.011,0.3281167838513994,19103.427695654333,1000000.0,0.0,25.0,975242.4
85,86.0,1.2324673652218185,2.286891804210522e-05,6.962106928899009e-07,1.0,2.1209031549952755,0.011,0.536529714006555,67113.71448794752,1000000.0,0.0,25.0,872827.6
86,87.0,1.207265843694017,2.253300137863243e-05,6.826555629751524e-07,1.0,2.168986588132377,0.011,0.38787838179440826,24000.470219872892,1000000.0,0.0,25.0,880919.6
87,88.0,1.1810940972800994,2.423800887790962e-05,6.694721794929843e-07,1.0,2.073952601752403,0.011,0.3700352807808329,31685.32353696972,1000000.0,0.0,25.0,1004509.6
88,89.0,1.1453905928855497,2.3029463755858716e-05,6.688400153483985e-07,1.0,2.1562666010324634,0.011,0.3638261150677877,21148.88421034068,1000000.0,0.0,25.0,917850.4
89,90.0,1.2051547585980449,2.2561419910857435e-05,6.967771814922997e-07,1.0,2.1101086815019343,0.011,0.42194967186159715,46852.04532802105,1000000.0,0.0,25.0,1012173.2
90,91.0,1.1744668452233213,2.268495018867819e-05,6.965478841169351e-07,1.0,2.1880172179544886,0.011,0.3442701660157752,20484.669150307775,1000000.0,0.0,25.0,975813.6
91,92.0,1.123020955751713,2.4048120044423574e-05,6.764343520812034e-07,1.0,2.1986071464369914,0.011,0.3210221407188669,12931.996842510998,1000000.0,0.0,25.0,914892.4
92,93.0,1.1695595868417186,2.2215000208349193e-05,7.085751825972576e-07,1.0,2.1361585266271064,0.011,0.44546401950096737,45381.174061231315,1000000.0,0.0,25.0,912573.6
93,94.0,1.2009186974345527,2.3033398890086368e-05,6.630773479290161e-07,1.0,2.0710359370094196,0.011,0.4711646732876602,64087.105806842446,1000000.0,0.0,25.0,1039121.6
94,95.0,1.2484242011815285,2.1031098644497622e-05,6.688730023946189e-07,1.0,2.168223070029775,0.011,0.507255603526545,63367.40334905684,1000000.0,0.0,25.0,1028500.0
95,96.0,1.3426959125778686,2.090199609352441e-05,6.847517693851828e-07,1.0,2.1109618815924165,0.011,0.5705834619124772,88110.62001604587,1000000.0,0.0,25.0,1002190.8
96,97.0,1.0816944053843394,2.276404027806874e-05,6.945306890746047e-07,1.0,2.1428992309836516,0.011,0.3903218357663931,34611.245364531875,1000000.0,0.0,25.0,999232.8
97,98.0,1.1863460612618155,2.2071591699524202e-05,6.775350850812177e-07,1.0,2.110872553504656,0.011,0.3590719541364038,28499.511344373226,1000000.0,0.0,25.0,1036163.6
98,99.0,1.152777873634727,2.1093188777318463e-05,6.885702693126112e-07,1.0,2.1921877322168726,0.011,0.4398483742060293,36963.13023775071,1000000.0,0.0,25.0,917279.2
99,100.0,1.1501869083667338,2.2372522066054997e-05,7.003519909197929e-07,1.0,2.2053382168165854,0.011,0.38818274881042925,30205.491149812937,1000000.0,0.0,25.0,964620.8
100,101.0,1.1534072625338567,2.0455734057566132e-05,6.845672616128003e-07,1.0,2.207482863782964,0.011,0.5746022976498253,68262.50550814718,1000000.0,0.0,25.0,906657.6
101,102.0,1.2301202473604729,2.3111049859992047e-05,6.571076787108276e-07,1.0,2.171427106810384,0.011,0.42550255895481115,30000.41722920537,1000000.0,0.0,25.0,864592.8
102,103.0,1.2172840011204538,2.223150137034642e-05,6.932833582784864e-07,1.0,2.1034986764062324,0.011,0.4891202975557434,66690.41466960311,1000000.0,0.0,25.0,1007467.6
103,104.0,1.2149021299822182,2.271937686808048e-05,6.645685458076342e-07,1.0,2.15024143294913,0.011,0.45744534503336354,45310.37955868244,1000000.0,0.0,25.0,941269.6
104,105.0,1.3428525072861321,2.1185993636589584e-05,7.076308822631433e-07,1.0,2.17652611496802,0.011,0.3928364529951338,32906.107180804014,1000000.0,0.0,25.0,986435.2
105,106.0,1.1823821668256005,2.2367990235701452e-05,7.206645259274084e-07,1.0,2.118086731107617,0.011,0.6422926432002427,105114.4452861324,1000000.0,0.0,25.0,893860.0
106,107.0,1.1713913552177952,1.9762114642609277e-05,7.110769723186087e-07,1.0,2.2282656654471964,0.011,0.5927627375534641,75251.5875082463,1000000.0,0.0,25.0,922556.0
107,108.0,1.3965947673482506,2.1410392631708026e-05,6.896404713257884e-07,1.0,2.060523357321763,0.011,0.855066621739276,186021.0034585148,1000000.0,0.0,25.0,917850.4
108,109.0,1.1869004999791277,2.1858067540235177e-05,6.773679485078105e-07,1.0,2.1593605143577577,0.011,0.6190067763056106,84465.63525172323,1000000.0,0.0,25.0,885625.2
109,110.0,1.1300718619266736,2.1678374686438615e-05,6.680821036943209e-07,1.0,2.150609244383574,0.011,0.7637428208932704,121695.70666732639,1000000.0,0.0,25.0,832938.8
110,111.0,1.2224971387986823,2.4536067952009132e-05,6.49748515941659e-07,1.0,2.101411905267092,0.011,0.32297411793949493,15943.664782561362,1000000.0,0.0,25.0,959486.8
111,112.0,1.1666726965884908,2.3537915474456217e-05,6.620901385626988e-07,1.0,2.141376158526782,0.011,0.4452664811331317,40741.834481820464,1000000.0,0.0,25.0,914892.4
112,113.0,1.0579436712141579,2.585208917715171e-05,6.647915825775343e-07,1.0,2.071310242165751,0.011,0.37973733895184125,36605.72966860235,1000000.0,0.0,25.0,1015131.2
113,114.0,1.262003863308511,2.1436287085502204e-05,6.781856582522498e-07,1.0,2.140003427910841,0.011,0.6130143724210129,94591.66400578618,1000000.0,0.0,25.0,973494.8
114,115.0,1.2005133622053956,2.050301821024708e-05,6.802549466045248e-07,1.0,2.169281680988483,0.011,0.6212909777936488,91903.54519690573,1000000.0,0.0,25.0,962444.8
115,116.0,1.225959810174215,2.290064397568674e-05,6.413019289865421e-07,1.0,2.0709893369551438,0.011,0.49441127195741075,64455.15436795354,1000000.0,0.0,25.0,1007467.6
116,117.0,1.157747472283223,2.2174341771423796e-05,6.817444596682914e-07,1.0,2.174829044266339,0.011,0.5026664045494869,48064.37765934318,1000000.0,0.0,25.0,835896.8
117,118.0,1.2312551797231415,2.2880198198949865e-05,6.696182897391871e-07,1.0,2.2060572079739202,0.011,0.3643406376686045,17712.64863614738,1000000.0,0.0,25.0,877961.6
118,119.0,1.1635957779109583,2.216409313619059e-05,6.255247996269747e-07,1.0,2.1424995347417806,0.011,0.5881438712117699,75598.53871583939,1000000.0,0.0,25.0,930790.8
119,120.0,1.2697247773231959,2.2069365037081073e-05,6.759163920653832e-07,1.0,2.148772496921623,0.011,0.3945771040845969,39522.44374834001,1000000.0,0.0,25.0,1088850.0
120,121.0,1.1505269647985703,2.2426578379947226e-05,6.825461212890311e-07,1.0,2.124404216548612,0.011,0.46345833569085215,52618.214443318546,1000000.0,0.0,25.0,970536.8
121,122.0,1.176552693190735,2.2191159200139587e-05,6.892688771839179e-07,1.0,2.0867069249983174,0.011,0.3972317584980942,45785.20021664351,1000000.0,0.0,25.0,1088850.0
122,123.0,1.2076121742385852,2.418859570077401e-05,6.74169288749015e-07,1.0,2.128444631284239,0.011,0.3973795444742336,29559.600209631026,1000000.0,0.0,25.0,896818.0
123,124.0,1.2324548473612615,2.1771005462755487e-05,7.089878382191635e-07,1.0,2.142480910512951,0.011,0.4131201728724392,42385.634648256004,1000000.0,0.0,25.0,1002190.8
124,125.0,1.1834998975575513,2.4546052809403367e-05,7.034779811696351e-07,1.0,2.1981402940996873,0.011,0.3452326857207666,19100.66935580969,1000000.0,0.0,25.0,920808.4
125,126.0,1.1976196179758622,2.2116957585283108e-05,6.89271551408868e-07,1.0,2.1151829219427967,0.011,0.5544352604980816,78378.90289127827,1000000.0,0.0,25.0,935924.8
126,127.0,1.1985748703861459,2.155019330453987e-05,6.766450388988524e-07,1.0,2.1883858452924656,0.011,0.5023523892092854,48016.63666918874,1000000.0,0.0,25.0,859887.2
127,128.0,1.137270776954788,2.2722275310654943e-05,7.292909082167858e-07,1.0,2.0960104186729325,0.011,0.5078223632441521,70612.75343121588,1000000.0,0.0,25.0,922556.0
128,129.0,1.1967251173428173,2.2920607727194104e-05,6.620446636011068e-07,1.0,2.1833283350803327,0.011,0.4265082006588585,33309.54115737975,1000000.0,0.0,25.0,917850.4
129,130.0,1.2214499891848785,2.2627140123490673e-05,6.763741425001963e-07,1.0,2.0777468540916573,0.011,0.4568708820205174,57299.58305801451,1000000.0,0.0,25.0,1004509.6
130,131.0,1.2630324289809636,2.3204121095269344e-05,6.614406761334076e-07,1.0,2.0999500952026438,0.011,0.39794064778352123,37080.57703396678,1000000.0,0.0,25.0,1007467.6
131,132.0,1.2339039006718755,2.2871441871389554e-05,6.543943218662946e-07,1.0,2.0846653176213863,0.011,0.5461787096664423,84235.13515383005,1000000.0,0.0,25.0,1028500.0
132,133.0,1.210522396682661,2.277527125567126e-05,6.626192557640257e-07,1.0,2.1446150647333297,0.011,0.42693728909002004,36905.12427084148,1000000.0,0.0,25.0,946546.4
133,134.0,1.090013494043988,2.3533832055470374e-05,6.85727661630879e-07,1.0,2.107362680018227,0.011,0.36560488665159596,30036.365696132183,1000000.0,0.0,25.0,999232.8
134,135.0,1.2040321623168053,2.4232686678197886e-05,6.648293898067376e-07,1.0,2.1583361203744715,0.011,0.3113291114598198,13499.00012806803,1000000.0,0.0,25.0,967578.8
135,136.0,1.187946437097509,2.0925983975076786e-05,6.756111984796003e-07,1.0,2.1417336234985953,0.011,0.6628046403940502,103775.35420805216,1000000.0,0.0,25.0,922556.0
136,137.0,1.1281054136501842,2.005342630333432e-05,7.145110499983878e-07,1.0,2.1785062484046875,0.011,0.7817115985417971,147565.42791315913,1000000.0,0.0,25.0,983477.2
137,138.0,1.138060790758038,2.2965656250535448e-05,6.511121829897088e-07,1.0,2.1428372071747006,0.011,0.3973903206290501,27738.911096207798,1000000.0,0.0,25.0,917850.4
138,139.0,1.2031703130677438,2.0793602239618285e-05,6.998552190839335e-07,1.0,2.1569738801436458,0.011,0.7578866722672188,138285.283305794,1000000.0,0.0,25.0,946546.4
139,140.0,1.1544459845395698,2.144937017759891e-05,6.815898591844619e-07,1.0,2.1126822115014647,0.011,0.5427417449853067,77062.69717092812,1000000.0,0.0,25.0,975813.6
140,141.0,1.1882898499001406,2.3479453414848815e-05,6.79562624205476e-07,1.0,2.1678365065827165,0.011,0.4067011025396994,25999.505831599236,1000000.0,0.0,25.0,827662.0
141,142.0,1.2568941395440192,2.4886546394707886e-05,6.983713640250136e-07,1.0,2.150863756089038,0.011,0.31307481470229703,15613.396419607103,1000000.0,0.0,25.0,943588.4
142,143.0,1.096281471985774,2.0763817918890648e-05,7.079932084731939e-07,1.0,2.2009224617540397,0.011,0.5337587948622229,66010.26334092766,1000000.0,0.0,25.0,951823.2
143,144.0,1.2583765904153543,2.360999498286966e-05,6.602089398445693e-07,1.0,2.1009546941160124,0.011,0.3740917581566876,30147.390609666705,1000000.0,0.0,25.0,999232.8
144,145.0,1.1738472713102945,2.122204290427986e-05,6.794022024785617e-07,1.0,2.1066341752321094,0.011,0.7730815238234996,144377.04334428906,1000000.0,0.0,25.0,914892.4
145,146.0,1.110853416595186,2.3898205661375565e-05,6.816858058773201e-07,1.0,2.201745500840815,0.011,0.39233243375809934,20279.510388873518,1000000.0,0.0,25.0,798966.0
146,147.0,1.268963101508789,2.05436118526693e-05,6.989043638449798e-07,1.0,2.1679053553215297,0.011,0.5627036032310642,75376.28595642745,1000000.0,0.0,25.0,954781.2
147,148.0,1.2418361722488471,2.2839258787004375e-05,6.547427508170727e-07,1.0,2.1032860421801374,0.011,0.4349060086309464,45606.30882303417,1000000.0,0.0,25.0,1004509.6
148,149.0,1.1944673397642143,2.4149749713283837e-05,6.515302620977445e-07,1.0,2.0640961134143723,0.011,0.38067368608989227,38696.15617903322,1000000.0,0.0,25.0,1067817.6
149,150.0,1.2233070643682393,2.1560982748840416e-05,6.661959497593922e-07,1.0,2.165313736771566,0.011,0.4482671579249171,44673.99959523231,1000000.0,0.0,25.0,999232.8
150,151.0,1.1015172657267533,2.1957356622849463e-05,6.604799365848762e-07,1.0,2.117242453654839,0.011,0.6434960360038531,111681.76543876529,1000000.0,0.0,25.0,1025542.0
151,152.0,1.0704569091346983,2.082750900703358e-05,7.279274683436095e-07,1.0,2.1800407332051464,0.011,0.5393011047556868,71927.78026255965,1000000.0,0.0,25.0,957739.2
152,153.0,1.1861652275800125,2.331420521597917e-05,6.55661414502113e-07,1.0,2.095333770659927,0.011,0.4350441657326485,44194.89605522156,1000000.0,0.0,25.0,970536.8
153,154.0,1.2138600635415109,2.201464380531044e-05,6.561599404421788e-07,1.0,2.1942372733130213,0.011,0.35610801022838245,22156.198673330247,1000000.0,0.0,25.0,1028500.0
154,155.0,1.1773871184402482,2.274154863332712e-05,6.915293029782822e-07,1.0,2.1272545877359263,0.011,0.5525690462201922,77252.710421592,1000000.0,0.0,25.0,933748.8
155,156.0,1.1907302438794485,2.3455973230444956e-05,6.797144681548097e-07,1.0,2.2171815365015206,0.011,0.3883180832728499,19951.604339197278,1000000.0,0.0,25.0,822956.4
156,157.0,1.2269428813107757,2.2854174741490668e-05,6.709009429170775e-07,1.0,2.098117807310871,0.011,0.4265177752227416,42223.86381506175,1000000.0,0.0,25.0,970536.8
157,158.0,1.1998365688327113,2.083848634033145e-05,6.984413421200349e-07,1.0,2.170630360337668,0.011,0.7803402507517063,134656.05102987587,1000000.0,0.0,25.0,893860.0
158,159.0,1.2126224378882107,2.2389470665065805e-05,6.56745720130891e-07,1.0,2.1215998685843545,0.011,0.5289290045149073,69561.62290333211,1000000.0,0.0,25.0,978771.6
159,160.0,1.212006357090571,2.219753546394336e-05,6.737018803428121e-07,1.0,2.180868552454129,0.011,0.4270963369008669,38166.930192030966,1000000.0,0.0,25.0,978200.4
160,161.0,1.2612513818057618,2.1590397796846907e-05,6.963094346425225e-07,1.0,2.1111908218308315,0.011,0.4608638208028637,60291.44402973354,1000000.0,0.0,25.0,1043827.2
161,162.0,1.1645228414576756,2.3594194576186457e-05,6.784974648411533e-07,1.0,2.1316919298381265,0.011,0.4422930910992733,41587.95808074623,1000000.0,0.0,25.0,917279.2
162,163.0,1.2863630131284336,2.2964574609708253e-05,6.910397885972325e-07,1.0,2.094149532105078,0.011,0.4279806433523845,46887.31791295111,1000000.0,0.0,25.0,975242.4
163,164.0,1.1338104478088553,2.077410870875794e-05,7.057017571044199e-07,1.0,2.2192120010812033,0.011,0.5419498750289407,55359.7373175621,1000000.0,0.0,25.0,835896.8
164,165.0,1.2665009142785935,2.1658768372578845e-05,6.669647105945e-07,1.0,2.1998749098661605,0.011,0.42824533879785065,32366.413095489144,1000000.0,0.0,25.0,917279.2
165,166.0,1.2477336696838341,2.169942407675051e-05,6.732979280679906e-07,1.0,2.138659489551756,0.011,0.6341233093869931,101082.57174290717,1000000.0,0.0,25.0,975242.4
166,167.0,1.364321988687038,2.3066025723097127e-05,6.403420667586065e-07,1.0,2.0940525312502345,0.011,0.42770061928686687,44638.86242700368,1000000.0,0.0,25.0,1028500.0
167,168.0,1.1766731276082343,2.2100383049893584e-05,7.023740907770469e-07,1.0,2.140757195447584,0.011,0.4439037881126353,44532.04191327095,1000000.0,0.0,25.0,935924.8
168,169.0,1.204850851211603,2.0644304407296805e-05,6.904266890078045e-07,1.0,2.1109544665394253,0.011,0.9859772157384725,248373.10540304333,1000000.0,0.0,25.0,1088850.0
169,170.0,1.2008436288430744,2.1443758283035854e-05,6.796889799185797e-07,1.0,2.1652133122480706,0.011,0.5758549451769781,72067.87795185298,1000000.0,0.0,25.0,880919.6
170,171.0,1.3213441362788667,2.222006313884493e-05,7.453135832797251e-07,1.0,2.1715522886448397,0.011,0.34126487215576873,21781.80605686456,1000000.0,0.0,25.0,941269.6
171,172.0,1.202249675189656,2.3181521964991046e-05,7.210352551648106e-07,1.0,2.092608014283158,0.011,0.3976018277421076,41065.099871754646,1000000.0,0.0,25.0,975242.4
172,173.0,1.2006560477473125,2.3032867896858394e-05,6.901085575561076e-07,1.0,2.1168406608341215,0.011,0.45406060150269667,50151.580771923065,1000000.0,0.0,25.0,949504.4
173,174.0,1.1678121876662062,2.4819229265253664e-05,6.34558383062933e-07,1.0,2.0550416827696907,0.011,0.41740798324957495,41114.94527620822,1000000.0,0.0,25.0,980519.2
174,175.0,1.2434350469458304,2.0756220356537422e-05,6.582157982107958e-07,1.0,2.145333498949711,0.011,0.5429181610716114,71893.37477587163,1000000.0,0.0,25.0,1007467.6
175,176.0,1.2030855540995669,2.3131851277045968e-05,6.510431754802717e-07,1.0,2.2023981283457132,0.011,0.45280824671346664,32704.41361309588,1000000.0,0.0,25.0,835896.8
176,177.0,1.181450531112974,2.1794406118419908e-05,6.914498458330325e-07,1.0,2.166747935000778,0.011,0.5976799227356011,83287.4250554964,1000000.0,0.0,25.0,911934.4
177,178.0,1.3153698730054841,2.4375953315760706e-05,6.179441065445543e-07,1.0,2.071534111608848,0.011,0.41112078384746553,35742.79541058093,1000000.0,0.0,25.0,967578.8
178,179.0,1.2994515816470984,2.3048072344540823e-05,6.808648992166587e-07,1.0,2.0613119495616132,0.011,0.4777627672802893,69563.84822218865,1000000.0,0.0,25.0,1036163.6
179,180.0,1.3032337042610302,2.1880128877259403e-05,6.814989495503254e-07,1.0,2.1182184695703583,0.011,0.5763392886734593,83352.12799853086,1000000.0,0.0,25.0,935924.8
180,181.0,1.178678177538542,2.2393147918513505e-05,6.879451877429558e-07,1.0,2.0971500426550165,0.011,0.5242956278534407,71810.40637609363,1000000.0,0.0,25.0,951823.2
181,182.0,1.1167489820074437,2.2455593623829825e-05,7.338574681604418e-07,1.0,2.201777117686376,0.011,0.41270337926899003,27436.49714190513,1000000.0,0.0,25.0,811906.4
182,183.0,1.2446087207898002,2.3405823511475202e-05,7.145680826606585e-07,1.0,2.1226778504617627,0.011,0.3659098896074795,28532.714417628944,1000000.0,0.0,25.0,943588.4
183,184.0,1.279658402282885,2.2219731859797993e-05,6.844137648024317e-07,1.0,2.1110773754526946,0.011,0.4741074057138235,60320.420987799764,1000000.0,0.0,25.0,1006896.4
184,185.0,1.1231384562211577,2.2974519193711018e-05,6.762755679743418e-07,1.0,2.165862352622952,0.011,0.46118001017386234,42315.44767912477,1000000.0,0.0,25.0,893860.0
185,186.0,1.1271921887548348,2.2768476191205682e-05,7.152855231069843e-07,1.0,2.114473524142795,0.011,0.4736666464706687,65733.27700742334,1000000.0,0.0,25.0,1010425.6
186,187.0,1.2597056450362585,2.1594256654062437e-05,6.906637000272847e-07,1.0,2.1222586321792463,0.011,0.5645726954152721,82693.42129182816,1000000.0,0.0,25.0,959486.8
187,188.0,1.3240640117620301,2.173518039417201e-05,6.682093581034186e-07,1.0,2.1760123828982643,0.011,0.47868210751961016,45656.31401145458,1000000.0,0.0,25.0,909615.6
188,189.0,1.1964623077377265,2.5411459804615563e-05,6.854336371916634e-07,1.0,2.082929527695967,0.011,0.3772914591095926,27980.999055996537,1000000.0,0.0,25.0,893860.0
189,190.0,1.1224033904508446,2.3902912862724403e-05,6.88315356701179e-07,1.0,2.1338764956101244,0.011,0.4395680369087458,37634.83563180268,1000000.0,0.0,25.0,851652.4
190,191.0,1.1522140106998353,2.2235861632299617e-05,6.637392555897576e-07,1.0,2.1480511911205795,0.011,0.5078548386220731,53220.57530865073,1000000.0,0.0,25.0,888583.2
191,192.0,1.2053069979000846,2.2253018306910023e-05,7.238124700274738e-07,1.0,2.1514336312722833,0.011,0.43521473436472746,43177.117723196745,1000000.0,0.0,25.0,914892.4
192,193.0,1.2828244485935587,2.1333002534246014e-05,6.810015311048962e-07,1.0,2.1016130594884714,0.011,0.48456216226971094,62756.25147847086,1000000.0,0.0,25.0,1010425.6
193,194.0,1.2409515463536631,2.2057842794739775e-05,6.828687583231043e-07,1.0,2.1336131265782186,0.011,0.5151139112523211,60850.73238551617,1000000.0,0.0,25.0,906657.6
194,195.0,1.1841653160818768,2.2521568586820544e-05,6.796246924713268e-07,1.0,2.0982382075476593,0.011,0.45242681936346685,53599.29936903715,1000000.0,0.0,25.0,999232.8
195,196.0,1.253343977607172,2.2337481937974337e-05,6.537212935886881e-07,1.0,2.08567742125323,0.011,0.4405071309613646,50085.513567872345,1000000.0,0.0,25.0,1025542.0
196,197.0,1.2603482657255256,2.2673739449638142e-05,6.583321426153314e-07,1.0,2.154813884903838,0.011,0.43988369065327504,39158.037574484944,1000000.0,0.0,25.0,938882.8
197,198.0,1.1476286863680891,2.2702230205434292e-05,6.814214854168764e-07,1.0,2.116005982541857,0.011,0.4950963389957508,60077.16311131418,1000000.0,0.0,25.0,938311.6
198,199.0,1.2016781383736805,2.3754725629720566e-05,6.579102984713645e-07,1.0,2.103759726897998,0.011,0.3846597139227015,32279.54712434858,1000000.0,0.0,25.0,999232.8
199,200.0,1.1309786395633818,2.0952108324326253e-05,6.706040750236437e-07,1.0,2.1933157750235424,0.011,0.4616780518552446,44374.66644009948,1000000.0,0.0,25.0,975242.4
