,Resample,RMSLE,beta,d_I,p,c,d_T,r,k_T,c_T,U_0,I_0,V_0,T_0
0,1.0,1.161528097320723,4.289499709234328e-05,4.483432357967385e-07,1.0,10.477349766566377,0.012,0.1911154624676925,27.457515440881252,1.1830754154118495e-09,1000000.0,0.0,25.0,616873.3333333334
1,2.0,1.1030803393328783,4.998544170085725e-05,4.3211008552949693e-07,1.0,14.700741548804643,0.012,0.21846471998389205,10.000001974403858,0.01618118242716482,1000000.0,0.0,25.0,477428.0
2,3.0,1.2074317581650935,1.8574679555041662e-05,6.074959998314929e-06,1.0,1.3234049993077406,0.012,0.2141523246541226,10.0,0.09881328039099918,1000000.0,0.0,25.0,337982.6666666667
3,4.0,1.0159987731309967,5.030030816518486e-05,4.1122097330375547e-07,1.0,12.717498150242108,0.012,0.20554374146616539,57.40908982604742,6.7326565433845076e-09,1000000.0,0.0,25.0,616873.3333333334
4,5.0,1.0729065433661715,3.9275699312349164e-05,4.2834551191065043e-07,1.0,10.121149220137688,0.012,0.21092032353057277,17.96437367796898,2.863041470568817e-10,1000000.0,0.0,25.0,576390.6666666666
5,6.0,1.072637901159108,1.992701047415647e-05,5.7692738172131035e-06,1.0,1.2388340451717568,0.012,0.20829513095495855,10.0,0.05321320245428812,1000000.0,0.0,25.0,378465.3333333333
6,7.0,1.107921838156307,4.945072095705589e-05,4.142447902969666e-07,1.0,13.098147826604581,0.012,0.2235053712661852,13.439568251371384,0.038482407386860706,1000000.0,0.0,25.0,436945.3333333333
7,8.0,1.1588584261744088,4.7951563010560125e-05,4.775657775669566e-07,1.0,13.334829391261628,0.012,0.2004693867973515,10.00764286518097,6.617618666993064e-06,1000000.0,0.0,25.0,517910.6666666667
8,9.0,1.0975141773283053,5.846311091086392e-05,3.911390815404775e-07,1.0,16.66472438421451,0.012,0.24010107432760464,10.000000074505806,0.025299873735125766,1000000.0,0.0,25.0,418948.0
9,10.0,1.1041599380703624,5.249376195017828e-05,3.7156078349132623e-07,1.0,13.709128197212053,0.012,0.24053351354219643,93.70777783542871,4.1310510567882375e-11,1000000.0,0.0,25.0,576390.6666666666
10,11.0,1.032353195838721,4.623485465918606e-05,4.555303163202441e-07,1.0,11.8512712833869,0.012,0.24228295318081905,92.83829759806395,1.1918188658199824e-11,1000000.0,0.0,25.0,477428.0
11,12.0,1.2015080054851899,1.649470606544617e-05,3.596940248704827e-06,1.0,1.5102840917444809,0.012,0.20750169358740322,21.0326155051589,3.921030167219897e-12,1000000.0,0.0,25.0,517910.6666666667
12,13.0,1.0428160221988292,6.182288325568229e-05,4.3976465829460984e-07,1.0,18.079901920278008,0.012,0.24563783282351181,10.000002108514309,0.00900228243975798,1000000.0,0.0,25.0,378465.3333333333
13,14.0,1.0012550511712588,4.8931626674393737e-05,4.6834158203001175e-07,1.0,13.113759681980511,0.012,0.2578085302715323,10.000018544495106,2.445924351945905e-08,1000000.0,0.0,25.0,337982.6666666667
14,15.0,1.024356957432991,4.267465776064652e-05,4.2607078590576816e-07,1.0,10.582870689708287,0.012,0.23706192524969083,29.23188915848732,4.862859059873159e-09,1000000.0,0.0,25.0,477428.0
15,16.0,1.0993251858494182,4.9421274797115686e-05,4.6312205898153927e-07,1.0,13.695939238649906,0.012,0.2574804383644178,10.000000059604645,0.05152684300016813,1000000.0,0.0,25.0,297500.0
16,17.0,1.1108465872626232,3.705139895020253e-05,5.088133768858325e-07,1.0,9.411473900879514,0.012,0.2199205456573594,31.841196194291115,2.1989632337238163e-12,1000000.0,0.0,25.0,477428.0
17,18.0,1.0935275555445891,3.500248023483109e-05,5.454694734403638e-07,1.0,8.945404156936789,0.012,0.19476013188474894,10.000007070600986,4.616582505168054e-09,1000000.0,0.0,25.0,517910.6666666667
18,19.0,1.0388080917022924,4.3227640132047594e-05,4.5645241087193206e-07,1.0,10.936113358912735,0.012,0.2563646552240044,25.668794058263302,0.00560602247787001,1000000.0,0.0,25.0,378465.3333333333
19,20.0,1.0591908593198514,4.469225764808191e-05,4.6225249273013715e-07,1.0,11.963314117982328,0.012,0.18635942586134036,20.93795618414879,7.446654404219544e-12,1000000.0,0.0,25.0,616873.3333333334
20,21.0,1.1652328342029745,4.7888760061154815e-05,5.003033025975271e-07,1.0,12.349307234769874,0.012,0.20366308254024545,10.000000275671482,1.455073839196075e-10,1000000.0,0.0,25.0,477428.0
21,22.0,1.123173555492012,2.2188010142244746e-05,8.927126717743555e-06,1.0,1.247584990292566,0.012,0.21058694383116006,10.0,0.025238358451207366,1000000.0,0.0,25.0,337982.6666666667
22,23.0,1.1082930497954642,5.061719482577186e-05,5.199499862951611e-07,1.0,14.609932359762539,0.012,0.2256529625142889,10.000000074505806,0.0436789282803276,1000000.0,0.0,25.0,337982.6666666667
23,24.0,1.0846014172697636,4.519715263994818e-05,4.95488629575984e-07,1.0,12.287714038467733,0.012,0.25351727718168604,10.000000067055225,4.49402259850018e-09,1000000.0,0.0,25.0,337982.6666666667
24,25.0,1.0931909077916422,5.5013567995435465e-05,4.609582806594132e-07,1.0,15.358582541819978,0.012,0.20581487685362987,71.0241196975112,7.672460999863517e-10,1000000.0,0.0,25.0,576390.6666666666
25,26.0,1.066980066855157,3.878266832496724e-05,4.4965226438495505e-07,1.0,10.715696606226153,0.012,0.2300751047646159,10.000000320374966,0.016604071786184893,1000000.0,0.0,25.0,436945.3333333333
26,27.0,1.128659461345508,3.846091738688948e-05,5.519649694632917e-07,1.0,8.88583029881147,0.012,0.15115235959805773,97.02147839218378,0.007728409065231645,1000000.0,0.0,25.0,715836.0
27,28.0,1.1289857309062503,4.655293233284384e-05,4.7318424414822483e-07,1.0,12.778923942604422,0.012,0.23044861170547648,10.000000312924385,1.6849071027280615e-09,1000000.0,0.0,25.0,418948.0
28,29.0,1.1447491060072679,1.4464235572455839e-05,2.918287287418926e-06,1.0,1.505446484833719,0.012,0.2441721822444407,37.678951658308506,1.1280976153216216e-12,1000000.0,0.0,25.0,436945.3333333333
29,30.0,1.2033532239150766,1.635813058614107e-05,4.579088207328768e-06,1.0,1.4589844630381492,0.012,0.21642657351942063,10.0,0.12495335200283147,1000000.0,0.0,25.0,337982.6666666667
30,31.0,1.0440582856408855,6.685563204307273e-05,3.7039529802835143e-07,1.0,19.451179231249146,0.012,0.2670405055510585,10.000001013278961,0.034907371039844814,1000000.0,0.0,25.0,337982.6666666667
31,32.0,1.0705397398550613,3.5563050883488075e-05,4.3114583920376726e-07,1.0,9.329596752937135,0.012,0.22266667338547563,101.03263238072395,3.1030589209279924e-10,1000000.0,0.0,25.0,616873.3333333334
32,33.0,1.1299453347078778,4.461920209272241e-05,6.127307865291912e-07,1.0,11.791486421863901,0.012,0.20914832971511288,10.000000141561031,1.864474963308993e-09,1000000.0,0.0,25.0,378465.3333333333
33,34.0,0.9948856970600702,1.5646802681347468e-05,3.6631003220629894e-06,1.0,1.3676135013414523,0.012,0.22953634800797573,10.0,0.12022165226382636,1000000.0,0.0,25.0,337982.6666666667
34,35.0,1.0176217789965505,4.7635105508034344e-05,5.112460324796159e-07,1.0,12.759837587421934,0.012,0.21069495031599672,27.424859531223774,8.180973121163504e-10,1000000.0,0.0,25.0,477428.0
35,36.0,1.1640570538253507,5.2423519732365844e-05,4.3424648831061384e-07,1.0,14.408297586717481,0.012,0.22527191105464794,52.493049174547195,1.3193335313133048e-11,1000000.0,0.0,25.0,517910.6666666667
36,37.0,1.0774056251898632,4.8154416394795434e-05,5.067706423501913e-07,1.0,13.592510884856658,0.012,0.19952735877153316,108.44797281175852,1.257537407539644e-10,1000000.0,0.0,25.0,576390.6666666666
37,38.0,1.1454746551412656,3.964047876159048e-05,4.2316250227160044e-07,1.0,10.133782229319792,0.012,0.21856994014737552,10.000000193715096,0.09936809879864966,1000000.0,0.0,25.0,378465.3333333333
38,39.0,0.993924658681975,4.091513379065726e-05,5.056135912223628e-07,1.0,9.141470278741316,0.012,0.19303238553489166,14.253346912562847,0.014408530835794353,1000000.0,0.0,25.0,477428.0
39,40.0,1.1476460437383122,1.7310922383458386e-05,5.0622948931076e-06,1.0,1.479797985324609,0.012,0.21671158648888422,10.0,0.08374893005609607,1000000.0,0.0,25.0,378465.3333333333
40,41.0,1.0685524989796678,4.7143737986155204e-05,4.2227245984100155e-07,1.0,12.880751081392326,0.012,0.24198199050395885,30.945249997079372,3.5827468769511484e-10,1000000.0,0.0,25.0,477428.0
41,42.0,0.970474533633073,4.439019062353296e-05,4.704159315187129e-07,1.0,10.01136346504095,0.012,0.19369939719480556,80.10355877876282,9.139200507490841e-11,1000000.0,0.0,25.0,616873.3333333334
42,43.0,1.199661423399593,5.3772087658843745e-05,3.9668250278325327e-07,1.0,14.693302636891616,0.012,0.2255335545473116,10.000064231455326,0.009075928473087469,1000000.0,0.0,25.0,477428.0
43,44.0,1.0968779823220716,5.319717507674589e-05,3.7889256985792444e-07,1.0,13.432864127323732,0.012,0.206868774574005,169.26236545294523,5.219099485920253e-08,1000000.0,0.0,25.0,715836.0
44,45.0,0.9967269560086144,4.1717856586527804e-05,4.744236701774345e-07,1.0,11.684704897182819,0.012,0.2281529389810757,72.65336471796036,3.9972092302775764e-10,1000000.0,0.0,25.0,517910.6666666667
45,46.0,1.2600618916042894,1.4500134034217434e-05,3.818789481375568e-06,1.0,1.5833778473372888,0.012,0.22572941033969585,10.00000000745058,0.12601788022749283,1000000.0,0.0,25.0,297500.0
46,47.0,1.145557820249889,4.730902146345335e-05,4.4110186987179575e-07,1.0,12.321711767831857,0.012,0.22004228317752705,10.0,0.0037050061756718766,1000000.0,0.0,25.0,477428.0
47,48.0,0.9777506860908308,3.9475400233626044e-05,4.148817596228704e-07,1.0,9.70124881819281,0.012,0.2212407339213982,10.000000029802322,0.05593856674479297,1000000.0,0.0,25.0,436945.3333333333
48,49.0,1.1478398509066305,4.562079155654124e-05,4.987653138224072e-07,1.0,11.244803158393836,0.012,0.21329550155409294,34.07039552927017,7.445760119573208e-10,1000000.0,0.0,25.0,477428.0
49,50.0,1.1259868881172472,5.6283389825337615e-05,4.239325739270299e-07,1.0,14.802784770255357,0.012,0.1989564283748706,20.98867964744568,7.740865171079747e-10,1000000.0,0.0,25.0,576390.6666666666
50,51.0,1.088877901292085,4.082251994493871e-05,5.9864286399695e-07,1.0,11.155093974531262,0.012,0.23294808019753788,10.000000163912773,9.10938358078539e-09,1000000.0,0.0,25.0,337982.6666666667
51,52.0,1.1322760227895587,5.101450674861991e-05,4.003365502932725e-07,1.0,14.787010354962668,0.012,0.2374286070858389,10.000000096857548,6.175487898829601e-09,1000000.0,0.0,25.0,477428.0
52,53.0,1.1201640081467135,3.933067937988443e-05,4.901667607902662e-07,1.0,11.511644576006518,0.012,0.20536508039013768,33.58307929337025,6.28142926561992e-10,1000000.0,0.0,25.0,576390.6666666666
53,54.0,1.0626024877558038,4.4214430283683216e-05,5.447190887811489e-07,1.0,11.803737896757738,0.012,0.2373272682316525,10.190154604613781,0.014229361466395973,1000000.0,0.0,25.0,337982.6666666667
54,55.0,1.1615503787183226,4.569031654759242e-05,4.648495446094185e-07,1.0,11.718026389073032,0.012,0.2141042434176086,12.497406922280788,1.3857415215312585e-10,1000000.0,0.0,25.0,477428.0
55,56.0,1.2200077759137293,3.556776002887662e-05,4.922876733448703e-07,1.0,9.651413271356581,0.012,0.18533797607258862,127.3482925966382,3.1886293661020915e-08,1000000.0,0.0,25.0,715836.0
56,57.0,1.1479562175313753,1.8104203367173594e-05,4.349736605571313e-06,1.0,1.3831424176657592,0.012,0.21424504596687655,10.00000000745058,3.312627949725311e-11,1000000.0,0.0,25.0,477428.0
57,58.0,1.0898242769084816,4.618454355763138e-05,4.887844478319544e-07,1.0,12.40324145410478,0.012,0.2270982446356271,10.00000061839819,0.02381135378680277,1000000.0,0.0,25.0,378465.3333333333
58,59.0,1.067568964488793,6.490355040225585e-05,4.922813092310242e-07,1.0,17.719378335309415,0.012,0.185983048471968,10.00007001310587,1.4595299246966675e-08,1000000.0,0.0,25.0,517910.6666666667
59,60.0,1.1905934002710676,6.205280599641752e-05,4.2801562328513966e-07,1.0,16.66240486708007,0.012,0.20919262381887194,11.346348941326141,1.3798620968064057e-08,1000000.0,0.0,25.0,517910.6666666667
60,61.0,1.176561629402542,4.404175060191926e-05,4.866248381501893e-07,1.0,11.483261354664599,0.012,0.19935762981504013,10.000268198549747,5.764117436135585e-07,1000000.0,0.0,25.0,517910.6666666667
61,62.0,1.1058420138706073,3.438504345405152e-05,5.108723800963913e-07,1.0,9.332251943310268,0.012,0.21186362568548844,10.00000063329935,1.4434509143512742e-10,1000000.0,0.0,25.0,477428.0
62,63.0,1.1151014739362992,4.930660767992019e-05,4.712825119566278e-07,1.0,14.331710939190657,0.012,0.20257869069732948,50.212373331189156,3.950338278713161e-09,1000000.0,0.0,25.0,576390.6666666666
63,64.0,1.145806738301712,5.239354739586169e-05,4.2588174955247914e-07,1.0,14.32289835540466,0.012,0.23402042023580805,10.039512269198895,0.0751723534991241,1000000.0,0.0,25.0,337982.6666666667
64,65.0,1.0360739277942181,3.443980540413522e-05,4.695103097566151e-07,1.0,9.751242186095205,0.012,0.2507569756900807,10.000000171363354,0.04721746226995882,1000000.0,0.0,25.0,337982.6666666667
65,66.0,1.0983709871103453,4.042056453963349e-05,5.232943794699802e-07,1.0,11.190791990901417,0.012,0.20801430676895905,15.882285498082638,7.192468842731614e-12,1000000.0,0.0,25.0,477428.0
66,67.0,1.137393323273509,4.596391395411215e-05,4.3719652012742414e-07,1.0,12.047966819821056,0.012,0.21286025216318194,10.000002339482307,0.03993655450511924,1000000.0,0.0,25.0,436945.3333333333
67,68.0,1.0415438174188896,2.9166670532117696e-05,5.408363291940272e-07,1.0,6.98660993687146,0.012,0.21727942181199467,33.15020453184843,3.5444425172670435e-12,1000000.0,0.0,25.0,477428.0
68,69.0,1.1204638347617202,6.96101108653644e-05,4.589447771309268e-07,1.0,18.87186415283839,0.012,0.2218511774574381,10.00000000745058,1.253032122505715e-10,1000000.0,0.0,25.0,418948.0
69,70.0,1.0464194278819074,4.459328875358469e-05,4.4869868168681944e-07,1.0,11.670145677636953,0.012,0.25027295207378586,10.000000342726707,0.0020960357560564358,1000000.0,0.0,25.0,378465.3333333333
70,71.0,1.1205619841687866,3.796395324823437e-05,5.077846084764091e-07,1.0,9.403080075615073,0.012,0.184623452573355,25.890967309474945,1.903435092875938e-08,1000000.0,0.0,25.0,576390.6666666666
71,72.0,1.1059686368012331,4.287843509195229e-05,4.6742764705870276e-07,1.0,10.387219654803694,0.012,0.21018183376573063,100.39254612475634,6.46188658137703e-11,1000000.0,0.0,25.0,576390.6666666666
72,73.0,1.138763990764251,4.12321767027486e-05,4.7081791882271865e-07,1.0,9.779300536984934,0.012,0.18237555350088996,19.593853123486042,5.102773759091406e-11,1000000.0,0.0,25.0,616873.3333333334
73,74.0,0.9662294087335417,5.22491917740564e-05,4.133745682519417e-07,1.0,12.96966977312669,0.012,0.25233768695346015,10.000000432133675,0.043700492783456946,1000000.0,0.0,25.0,337982.6666666667
74,75.0,1.2385718075318035,6.874493003161536e-05,4.465826233178045e-07,1.0,18.932325047482756,0.012,0.15801880728758988,23.36932824552059,2.839341206595236e-09,1000000.0,0.0,25.0,715836.0
75,76.0,1.1918453354433238,5.5592250981027626e-05,4.398948190287904e-07,1.0,14.994123940528048,0.012,0.217178248649482,10.478216327726841,2.5901125133565017e-09,1000000.0,0.0,25.0,477428.0
76,77.0,1.0566640420516609,4.225788805905869e-05,4.5086577569094366e-07,1.0,11.565096049372634,0.012,0.24133528065642196,10.000000029802322,0.05863846261404726,1000000.0,0.0,25.0,337982.6666666667
77,78.0,1.0812842401079883,4.1596565627730186e-05,4.347821753102147e-07,1.0,11.039298663854439,0.012,0.22543340715948545,10.00000337511301,2.493671436010203e-09,1000000.0,0.0,25.0,477428.0
78,79.0,1.1843432992859502,2.286314776731313e-05,7.0199269297352535e-06,1.0,1.291544764746348,0.012,0.1885141012509095,10.00000000745058,1.672312288647504e-11,1000000.0,0.0,25.0,477428.0
79,80.0,1.1623037909460419,1.8948827692086434e-05,5.7316496310127305e-06,1.0,1.267163552718742,0.012,0.23095228888418262,10.0,0.10638430180776415,1000000.0,0.0,25.0,337982.6666666667
80,81.0,1.1972026523305073,1.6523959135394992e-05,4.050750257468094e-06,1.0,1.4350587845677083,0.012,0.21964859124644676,10.0,0.018833740794911624,1000000.0,0.0,25.0,418948.0
81,82.0,1.1613167109195586,5.150394398736849e-05,4.93604475743003e-07,1.0,13.491768072052338,0.012,0.21588841955757943,10.000001847743988,3.012372851163292e-09,1000000.0,0.0,25.0,436945.3333333333
82,83.0,1.0797307968009338,5.555282233884686e-05,4.656323091322147e-07,1.0,14.206366575819473,0.012,0.20611694372043132,10.000001303851604,8.1255072115205e-09,1000000.0,0.0,25.0,477428.0
83,84.0,1.0208732673423848,6.019414272040049e-05,5.268705343776717e-07,1.0,17.068942149875546,0.012,0.23929845662272697,10.000000566244125,3.170723905654427e-08,1000000.0,0.0,25.0,337982.6666666667
84,85.0,1.1284370822990104,4.645758118631916e-05,4.4968396441017567e-07,1.0,13.160977529402047,0.012,0.2231599543710132,14.141975723206997,1.1707695923846018e-10,1000000.0,0.0,25.0,477428.0
85,86.0,1.0777803350433854,3.736862643115406e-05,4.90049543000721e-07,1.0,11.215010008986532,0.012,0.2203609050489348,10.000003553926945,4.22387513854261e-09,1000000.0,0.0,25.0,477428.0
86,87.0,1.2601058470875808,2.102857137235807e-05,5.417118721347666e-06,1.0,1.4058333718498588,0.012,0.18149151360442772,10.000000029802322,1.1621703599473676e-10,1000000.0,0.0,25.0,576390.6666666666
87,88.0,0.97107688773034,4.810246546808711e-05,4.305555669559865e-07,1.0,12.804495532472465,0.012,0.2330327427545953,22.019868597388268,0.01940225379521071,1000000.0,0.0,25.0,436945.3333333333
88,89.0,1.120000237960098,6.029591887492149e-05,3.781315024015266e-07,1.0,17.145868996080182,0.012,0.25875947484157535,77.99789987504482,6.621524384353705e-09,1000000.0,0.0,25.0,477428.0
89,90.0,1.1400821895047684,4.432906136656925e-05,4.998568234052119e-07,1.0,10.78906267599806,0.012,0.20384499440368842,10.000004433095455,9.398875178145971e-09,1000000.0,0.0,25.0,477428.0
90,91.0,1.0329056815567914,5.680856919598951e-05,4.903303505010001e-07,1.0,14.004768338633667,0.012,0.21719191752121958,10.000000968575478,0.02685925926135535,1000000.0,0.0,25.0,378465.3333333333
91,92.0,1.137751094128246,1.67941614101827e-05,3.890125936175095e-06,1.0,1.4598536515995093,0.012,0.2014727037807802,10.000000081956387,7.557830794535647e-08,1000000.0,0.0,25.0,477428.0
92,93.0,1.059701750080739,5.543523164770057e-05,3.8529688019852933e-07,1.0,15.159780840584595,0.012,0.24570280978730352,189.5032756254077,1.334103993944069e-09,1000000.0,0.0,25.0,576390.6666666666
93,94.0,1.069874549208839,7.0041573741531e-05,3.486120813263758e-07,1.0,20.14053235537797,0.012,0.23123652521492488,85.56495721638203,4.407266046557723e-08,1000000.0,0.0,25.0,616873.3333333334
94,95.0,1.2164845070484651,6.805904450504821e-05,4.3483076690997984e-07,1.0,18.95978887717371,0.012,0.22727620539590276,10.000000096857548,0.06934730345044005,1000000.0,0.0,25.0,337982.6666666667
95,96.0,1.0901500509268798,6.06943144981529e-05,4.268519149214456e-07,1.0,15.84689920781507,0.012,0.22351301054054318,10.535697035491467,0.024480126593581786,1000000.0,0.0,25.0,418948.0
96,97.0,1.2366534136178713,1.5525244785380352e-05,4.12397044882483e-06,1.0,1.526616435569018,0.012,0.2053057729728991,10.000000029802322,0.10289069855880323,1000000.0,0.0,25.0,337982.6666666667
97,98.0,1.1448041735404337,1.963162907016032e-05,5.53469704961994e-06,1.0,1.3961523672466072,0.012,0.1972208724706661,15.545251928269863,3.731501774240087e-10,1000000.0,0.0,25.0,477428.0
98,99.0,1.2162512172834077,5.738513679677815e-05,4.875912389504277e-07,1.0,16.326377136189535,0.012,0.20798508245802338,10.000000074505806,0.09042963848503272,1000000.0,0.0,25.0,337982.6666666667
99,100.0,0.9895446254449111,4.721057379850801e-05,4.7170852103604037e-07,1.0,11.943492307593573,0.012,0.19320894035526948,75.11592114716768,1.1822509637937628e-10,1000000.0,0.0,25.0,616873.3333333334
100,101.0,1.0696034995252066,1.8734434770775487e-05,5.451498454651333e-06,1.0,1.3411825278564748,0.012,0.20169503275077716,10.000000178813934,0.07575972165560863,1000000.0,0.0,25.0,378465.3333333333
101,102.0,1.1770147863405627,4.789985200069377e-05,5.165086152525959e-07,1.0,12.502715249320772,0.012,0.19870413650221508,292.1148270815611,0.003969736775099264,1000000.0,0.0,25.0,616873.3333333334
102,103.0,1.1026901242504275,5.015697608806083e-05,4.751714773273849e-07,1.0,13.721010367312793,0.012,0.21799231898155824,10.000000789761543,0.007535294854170593,1000000.0,0.0,25.0,436945.3333333333
103,104.0,1.159780611033025,1.7363218852538796e-05,4.172735367716583e-06,1.0,1.4304213579760585,0.012,0.20881748371483866,10.645815834403038,2.0894397323445446e-13,1000000.0,0.0,25.0,477428.0
104,105.0,1.053367391244667,5.7177970643193843e-05,4.4948975160140385e-07,1.0,15.989203080782111,0.012,0.22559397051239927,10.000060819089413,0.017050159517230434,1000000.0,0.0,25.0,418948.0
105,106.0,1.221458850784054,1.590452625388732e-05,3.77575203188022e-06,1.0,1.567957529574322,0.012,0.2000043569355867,10.000000074505806,0.046642483536026014,1000000.0,0.0,25.0,436945.3333333333
106,107.0,1.0695908591109766,1.9563631756600544e-05,4.874387459875878e-06,1.0,1.3319555516098447,0.012,0.18733980035591458,10.0,8.235323548294593e-05,1000000.0,0.0,25.0,517910.6666666667
107,108.0,1.109856083195099,1.6952029197189652e-05,4.014916165764441e-06,1.0,1.3889080792420074,0.012,0.23264672275253417,36.454981826245785,0.010406135515700077,1000000.0,0.0,25.0,477428.0
108,109.0,1.0217573351154052,3.7578799864633334e-05,5.031212457018381e-07,1.0,9.489517388145444,0.012,0.21041973000941994,10.000000447034836,1.3933743048255565e-11,1000000.0,0.0,25.0,477428.0
109,110.0,0.9884336146088998,4.0962029422032395e-05,5.002947489278053e-07,1.0,11.203952986840136,0.012,0.21350725223592804,44.43218559771776,6.443828803881502e-11,1000000.0,0.0,25.0,517910.6666666667
110,111.0,1.0665625698653518,3.813597576831509e-05,4.968243423558272e-07,1.0,10.827668195928013,0.012,0.23836497593821804,10.000000685453415,0.012734901552742539,1000000.0,0.0,25.0,378465.3333333333
111,112.0,1.153678568568091,4.312960178286605e-05,4.2410188528994007e-07,1.0,12.07749259536454,0.012,0.20857007475520817,37.73483522236347,6.048858469664964e-09,1000000.0,0.0,25.0,616873.3333333334
112,113.0,1.1090000728813505,4.727779065469244e-05,4.1883689546412474e-07,1.0,11.768585775332276,0.012,0.2139339258886821,10.000022821128368,0.026742614975439283,1000000.0,0.0,25.0,477428.0
113,114.0,1.1372887225605641,6.552151230823972e-05,4.0324507751530493e-07,1.0,18.674928141217034,0.012,0.22260364304106162,10.000000208616257,0.07223921482669077,1000000.0,0.0,25.0,378465.3333333333
114,115.0,1.0769465803401388,4.460750596001297e-05,5.449026174088824e-07,1.0,10.681763968316396,0.012,0.1704478770099982,20.542916551232338,7.980318628142413e-10,1000000.0,0.0,25.0,576390.6666666666
115,116.0,1.2325447582091895,5.603748263336229e-05,5.268850857592693e-07,1.0,15.196988938990692,0.012,0.19128727032058634,10.000003837049007,4.903971728698053e-09,1000000.0,0.0,25.0,477428.0
116,117.0,1.0710024835537224,5.730031338303576e-05,4.5058270470105054e-07,1.0,16.8166611735098,0.012,0.2180928737597725,10.000209607183933,6.072372732424114e-08,1000000.0,0.0,25.0,477428.0
117,118.0,1.0812784027721507,4.3749592088797225e-05,4.5980196603794704e-07,1.0,11.496440526013416,0.012,0.22056136865458598,33.04918114095926,9.276135415348108e-11,1000000.0,0.0,25.0,517910.6666666667
118,119.0,1.2086029403537306,1.779560862415951e-05,4.795592772739799e-06,1.0,1.5608784223512657,0.012,0.1872965764819483,15.05784235149622,9.226508446147363e-13,1000000.0,0.0,25.0,477428.0
119,120.0,1.1781046512176052,4.5343723226162277e-05,5.058741987518767e-07,1.0,12.954709691703208,0.012,0.20575891023363369,15.311050303280354,5.832098375346817e-07,1000000.0,0.0,25.0,477428.0
120,121.0,1.1020381946894247,6.366145564400255e-05,3.783281780221539e-07,1.0,16.813422006549672,0.012,0.2300491379907328,90.29039371013641,5.169066841226311e-10,1000000.0,0.0,25.0,576390.6666666666
121,122.0,1.180511158855021,2.094073928098515e-05,5.239117581384843e-06,1.0,1.3645290136128239,0.012,0.18834102309554623,10.00000000745058,5.432876371003204e-13,1000000.0,0.0,25.0,576390.6666666666
122,123.0,1.1529731094034883,4.401927795951284e-05,4.797540446977347e-07,1.0,11.388617776586557,0.012,0.21079768206258365,10.000020802021027,2.7568118532439456e-07,1000000.0,0.0,25.0,477428.0
123,124.0,1.07224827850299,4.248350893990498e-05,4.0130062587829515e-07,1.0,10.593803718556458,0.012,0.25193575562740733,48.75667051970959,3.001584314432648e-09,1000000.0,0.0,25.0,477428.0
124,125.0,1.2095460494413288,2.2886907914641184e-05,5.7124177065805625e-06,1.0,1.2133179224925499,0.012,0.1596597555433661,10.0,1.2548961869640607e-11,1000000.0,0.0,25.0,576390.6666666666
125,126.0,1.1124516991520486,4.718604811722889e-05,5.284018181092481e-07,1.0,12.70353243258117,0.012,0.19839574720145237,10.000003017485142,4.6528142449986376e-10,1000000.0,0.0,25.0,477428.0
126,127.0,1.0917229562446735,4.7169226975907255e-05,4.890850679086379e-07,1.0,12.398353725983583,0.012,0.21062886855279572,13.124795004725456,2.3048883912579754e-09,1000000.0,0.0,25.0,477428.0
127,128.0,1.1161986490366018,4.4635279324278404e-05,4.90110897388898e-07,1.0,10.852335156713771,0.012,0.15969142364853184,44.09461905807257,1.260075377373937e-11,1000000.0,0.0,25.0,715836.0
128,129.0,1.2764388911741575,4.1336989373259e-05,5.305645675250236e-07,1.0,11.006850813254239,0.012,0.1985008483752182,10.002636320888996,0.0049993818812560376,1000000.0,0.0,25.0,477428.0
129,130.0,1.223960756745546,4.4111155030516905e-05,4.870624739782855e-07,1.0,11.689736479476046,0.012,0.22459084070943192,10.000000260770321,0.02884257059764972,1000000.0,0.0,25.0,378465.3333333333
130,131.0,1.0209221748627946,4.343202101562384e-05,3.8964227313761403e-07,1.0,11.748995490372067,0.012,0.2539768012515182,83.45112806558609,4.24483781458207e-10,1000000.0,0.0,25.0,517910.6666666667
131,132.0,1.0383528263881847,4.259667001376644e-05,4.1959310861529846e-07,1.0,11.069946276033406,0.012,0.21510893638677686,10.0,0.056479914032093737,1000000.0,0.0,25.0,436945.3333333333
132,133.0,1.1030688058732547,3.0703920688882874e-05,5.122124571724446e-07,1.0,8.427185308132167,0.012,0.22051667477456505,10.00001097470522,0.032436033170817835,1000000.0,0.0,25.0,418948.0
133,134.0,1.0483062086123542,4.0928187447567103e-05,4.329886765064731e-07,1.0,11.254488102023728,0.012,0.22635364069228103,123.6695904135704,7.380202005080605e-11,1000000.0,0.0,25.0,616873.3333333334
134,135.0,1.0447846452605165,4.5428171593797866e-05,4.4125070933339824e-07,1.0,11.404789362463447,0.012,0.23020700272634542,21.247352205216885,1.7607689195564546e-09,1000000.0,0.0,25.0,477428.0
135,136.0,1.0533477534459208,5.830513527295858e-05,4.843934880318688e-07,1.0,16.408913617502307,0.012,0.17848033206190905,10.000116437673569,4.4196615811564754e-09,1000000.0,0.0,25.0,576390.6666666666
136,137.0,1.1069695529342012,5.934226277146333e-05,4.5801555489298024e-07,1.0,16.58114482709869,0.012,0.2391592698948486,10.000000670552254,0.010093727212942494,1000000.0,0.0,25.0,378465.3333333333
137,138.0,1.1073144812596591,4.062627835893881e-05,4.533247589035908e-07,1.0,11.201171018257817,0.012,0.205834013623992,23.212821178138256,2.937301790684188e-09,1000000.0,0.0,25.0,576390.6666666666
138,139.0,1.1360042936226116,6.146566470118255e-05,3.858471746367206e-07,1.0,17.208068576730312,0.012,0.2516126355227044,10.000000223517418,0.029118673383711047,1000000.0,0.0,25.0,378465.3333333333
139,140.0,1.104889666519262,4.056579575471229e-05,4.997901433611776e-07,1.0,10.380078121909506,0.012,0.22553944804257497,10.000000052154064,0.02980373241441714,1000000.0,0.0,25.0,378465.3333333333
140,141.0,1.00535859279585,5.32935086996997e-05,4.797647646192265e-07,1.0,14.35254351102816,0.012,0.21165674143086477,10.000054471194744,0.017615874641944418,1000000.0,0.0,25.0,436945.3333333333
141,142.0,1.195439933346281,1.790032005962924e-05,3.54417226990821e-06,1.0,1.3981234370230027,0.012,0.17236099209728906,10.00000000745058,2.3695490014574716e-12,1000000.0,0.0,25.0,616873.3333333334
142,143.0,1.0505703432045568,4.185365722841912e-05,4.5849990454799517e-07,1.0,11.084956497728214,0.012,0.22130933404566377,42.50364687293768,0.007176817977564531,1000000.0,0.0,25.0,517910.6666666667
143,144.0,1.1485358749228152,4.884723747509755e-05,4.869660069124369e-07,1.0,13.289259533223365,0.012,0.23429323187103535,10.000000029802322,0.03686007251524648,1000000.0,0.0,25.0,337982.6666666667
144,145.0,1.26983418211024,2.1171196577918834e-05,5.617926338897669e-06,1.0,1.4164784993691129,0.012,0.1770603797256456,70.83278575539589,1.183197984033768e-11,1000000.0,0.0,25.0,616873.3333333334
145,146.0,1.1435908790079954,5.636967924528473e-05,4.614240039931244e-07,1.0,15.880965605001492,0.012,0.211885199447984,27.70225827395916,8.463593191870844e-05,1000000.0,0.0,25.0,517910.6666666667
146,147.0,1.092318359877849,6.885801541937428e-05,3.8122100204763756e-07,1.0,18.534326910541502,0.012,0.2562011234162611,83.37002018094063,4.783104468053523e-10,1000000.0,0.0,25.0,477428.0
147,148.0,1.2241725243996406,1.970359067804707e-05,4.805747262476959e-06,1.0,1.4236667090911652,0.012,0.19412601579501398,63.500720873475075,5.779265954686252e-13,1000000.0,0.0,25.0,616873.3333333334
148,149.0,1.1962956576611437,1.5163685015387882e-05,4.439135007594232e-06,1.0,1.6855655111221566,0.012,0.22208818242548745,10.00000000745058,0.05753654004984338,1000000.0,0.0,25.0,337982.6666666667
149,150.0,1.1671252008658888,5.0331010714090046e-05,3.9267420860366524e-07,1.0,13.752223007260184,0.012,0.23800514983588528,10.000000335276127,0.013898047860135432,1000000.0,0.0,25.0,436945.3333333333
150,151.0,1.0974422995741526,3.840677065923084e-05,4.791983120679526e-07,1.0,10.4340838353857,0.012,0.2183558612382157,10.00000175088644,2.5532147784890213e-08,1000000.0,0.0,25.0,477428.0
151,152.0,1.2207282586818404,3.1900254945454385e-05,5.880019409349363e-07,1.0,7.858243785751128,0.012,0.14164523123836403,10.000000163912773,7.382428002244978e-13,1000000.0,0.0,25.0,715836.0
152,153.0,1.0180183251781596,5.4071500054294364e-05,4.839224948693135e-07,1.0,13.478647164195216,0.012,0.23025582807335354,10.000000640749931,0.016309720063577948,1000000.0,0.0,25.0,378465.3333333333
153,154.0,1.1276642879915322,4.131705354319949e-05,4.51161153555574e-07,1.0,10.491259802443587,0.012,0.23996600943422663,22.188902832567692,2.181672620338304e-10,1000000.0,0.0,25.0,436945.3333333333
154,155.0,1.1571434318389464,1.5546518086537867e-05,3.4981923068432667e-06,1.0,1.578873688826306,0.012,0.22366775401775385,10.0,6.3382077364337874e-12,1000000.0,0.0,25.0,436945.3333333333
155,156.0,1.118435366260327,6.318232878255582e-05,3.891040030108738e-07,1.0,17.154405786199817,0.012,0.24268309730207704,10.000000827014446,9.355095031970961e-10,1000000.0,0.0,25.0,436945.3333333333
156,157.0,1.0435635106767736,5.481048116058005e-05,4.214653711047991e-07,1.0,16.443569440920534,0.012,0.24372844386628145,10.00000013411045,6.789705520038325e-09,1000000.0,0.0,25.0,418948.0
157,158.0,1.1048087591583555,4.94562499045457e-05,4.534263498993181e-07,1.0,14.041381330349537,0.012,0.23258054710750997,13.160936489701271,3.2616814804597993e-10,1000000.0,0.0,25.0,436945.3333333333
158,159.0,0.9949115001654967,5.3670344315036206e-05,4.310433400178638e-07,1.0,14.241713705693165,0.012,0.253071356790727,11.801757499575615,8.254402161789187e-10,1000000.0,0.0,25.0,378465.3333333333
159,160.0,1.1100617273581117,4.277149455045178e-05,4.81146508178403e-07,1.0,10.996387499726431,0.012,0.24169761271820533,10.000001072883606,0.03607559851548209,1000000.0,0.0,25.0,337982.6666666667
160,161.0,1.0665432360378773,3.557378273783896e-05,4.947119399131768e-07,1.0,9.030609948672847,0.012,0.23587958834789902,10.000000029802322,0.05347762804228107,1000000.0,0.0,25.0,337982.6666666667
161,162.0,1.1749011464750654,4.2073357018056884e-05,4.929941858460696e-07,1.0,10.308025807768871,0.012,0.19633303634866195,10.000160776078701,7.77248693184518e-09,1000000.0,0.0,25.0,517910.6666666667
162,163.0,1.0376799818759574,3.932376607818141e-05,4.253755664187611e-07,1.0,9.913110435867644,0.012,0.21122268871575045,49.775957338511944,1.7502700955240869e-09,1000000.0,0.0,25.0,616873.3333333334
163,164.0,1.1697729967650912,4.78101149107294e-05,5.138935117942028e-07,1.0,13.402874221212393,0.012,0.21343253080464564,10.000000111758709,1.0086959045807475e-10,1000000.0,0.0,25.0,436945.3333333333
164,165.0,1.0923804528545822,4.60376243235617e-05,4.920628106534354e-07,1.0,12.43047663339982,0.012,0.24789548333250622,10.000000067055225,0.018101724080017256,1000000.0,0.0,25.0,337982.6666666667
165,166.0,1.0130683781103518,4.2501143995513144e-05,4.981895794466584e-07,1.0,11.853743958612114,0.012,0.22742249905930834,10.000000342726707,4.1588066324038664e-10,1000000.0,0.0,25.0,418948.0
166,167.0,1.0975658514140436,4.8329181227428596e-05,4.1249182357356874e-07,1.0,13.211790045588778,0.012,0.2146878778406105,36.91758621484041,0.0002758899381184454,1000000.0,0.0,25.0,576390.6666666666
167,168.0,1.0858392795930965,5.063717515025691e-05,4.183574399517571e-07,1.0,13.61457804641929,0.012,0.23879595596299197,35.30732411146164,9.213888763071054e-09,1000000.0,0.0,25.0,477428.0
168,169.0,1.2091596452335116,4.180249374640834e-05,4.5612940317267e-07,1.0,11.500371186798063,0.012,0.22444616754611246,13.331665351986885,2.162082907153362e-08,1000000.0,0.0,25.0,477428.0
169,170.0,1.1627393866124895,5.014568125926119e-05,4.4477531640931786e-07,1.0,13.576164452728875,0.012,0.23040020306568465,32.368112333118916,2.1717197484782957e-09,1000000.0,0.0,25.0,477428.0
170,171.0,1.0982796924891352,5.892313675781641e-05,4.711238683468365e-07,1.0,15.977725702433723,0.012,0.21096089458963263,10.00000037252903,0.02613745424538,1000000.0,0.0,25.0,418948.0
171,172.0,1.1242826722880988,1.6415002937585902e-05,4.980756629996636e-06,1.0,1.4393414972984218,0.012,0.22222822581586144,10.0,0.05809961807165681,1000000.0,0.0,25.0,337982.6666666667
172,173.0,0.9202784878145703,5.8798674323240104e-05,4.813651613149136e-07,1.0,14.109318810147109,0.012,0.22844335758949796,10.000000238418579,0.01093007943113572,1000000.0,0.0,25.0,378465.3333333333
173,174.0,1.136001493814065,1.4982943601931753e-05,3.898331226704466e-06,1.0,1.523084658947539,0.012,0.22808988080237924,10.00000000745058,0.06945404465322114,1000000.0,0.0,25.0,337982.6666666667
174,175.0,1.199474751057913,1.856264642761329e-05,5.030036583017551e-06,1.0,1.367282652040437,0.012,0.2203437463240192,63.90293535590172,0.024829635108071235,1000000.0,0.0,25.0,477428.0
175,176.0,1.1065181899308258,4.473408147541317e-05,4.91139975879709e-07,1.0,12.642610278035946,0.012,0.2270716675665696,10.000015251338482,3.142227733565761e-08,1000000.0,0.0,25.0,418948.0
176,177.0,1.0904584697753246,4.343041630907559e-05,4.3496842198460187e-07,1.0,11.253922007095937,0.012,0.22480140966059992,10.000024683773518,6.326765000785883e-08,1000000.0,0.0,25.0,477428.0
177,178.0,1.1446179411706914,9.352150675760799e-05,3.925131218958768e-07,1.0,27.275055100794845,0.012,0.2371686344294659,10.000000029802322,0.057065736091953034,1000000.0,0.0,25.0,337982.6666666667
178,179.0,1.0608028359256427,4.870954583311569e-05,4.814713050478836e-07,1.0,13.77457534813518,0.012,0.22024479173355616,10.000000029802322,0.0025114285551036675,1000000.0,0.0,25.0,436945.3333333333
179,180.0,1.1705726834589738,3.507376569950019e-05,5.180931956737369e-07,1.0,9.432433230932624,0.012,0.1897570467058216,62.53922139108181,1.4535953496430665e-08,1000000.0,0.0,25.0,616873.3333333334
180,181.0,1.1593382030635848,1.639786213669422e-05,4.122583444659873e-06,1.0,1.470041031991002,0.012,0.23032771278656128,62.00260689854622,4.6572468104244535e-11,1000000.0,0.0,25.0,477428.0
181,182.0,1.1458060866011281,4.779614078076122e-05,5.019734160113508e-07,1.0,12.53939868928272,0.012,0.20169881872936202,10.000000312924385,1.0892303725640318e-10,1000000.0,0.0,25.0,477428.0
182,183.0,1.09364018801102,4.0831681283802914e-05,3.847775020747075e-07,1.0,10.636883150797296,0.012,0.23376695217769594,68.2141810581088,1.1189194015770454e-10,1000000.0,0.0,25.0,576390.6666666666
183,184.0,1.1593449938116882,1.5558782139758297e-05,3.152110298386025e-06,1.0,1.4523753338344747,0.012,0.2083830044787902,10.0,0.023417364535794405,1000000.0,0.0,25.0,436945.3333333333
184,185.0,1.1677877487107977,4.614286795548367e-05,5.159141760046013e-07,1.0,12.174822074523036,0.012,0.21259514643078603,10.00000087916851,7.074050234479046e-10,1000000.0,0.0,25.0,436945.3333333333
185,186.0,0.9873988215304911,4.214972852587576e-05,4.4272864414323174e-07,1.0,10.55817933618441,0.012,0.22360583410900148,10.000000700354576,1.2183856146208427e-09,1000000.0,0.0,25.0,477428.0
186,187.0,1.1519441699556614,3.978258058494525e-05,5.000107483916976e-07,1.0,10.522527836891477,0.012,0.23977619166620912,10.000000022351742,1.732320398240006e-10,1000000.0,0.0,25.0,378465.3333333333
187,188.0,1.0556643680919477,3.6268983449383946e-05,5.011786121693468e-07,1.0,9.105290492552982,0.012,0.204001063229299,94.05519177019596,5.884681630874411e-11,1000000.0,0.0,25.0,576390.6666666666
188,189.0,1.1619524990578034,4.702097127211602e-05,5.083109471568873e-07,1.0,12.411930031024312,0.012,0.22996735683084069,10.000000357627869,0.04069690150482064,1000000.0,0.0,25.0,337982.6666666667
189,190.0,1.0522573394864507,6.297599077125791e-05,5.004252613925798e-07,1.0,16.247312139409836,0.012,0.19165797896706493,10.00000049173832,7.567980686573605e-10,1000000.0,0.0,25.0,477428.0
190,191.0,0.9114465921861793,3.204159535474905e-05,4.900046539158809e-07,1.0,7.682445831336452,0.012,0.22139404923458983,12.82637745141983,1.169290775315801e-10,1000000.0,0.0,25.0,477428.0
191,192.0,1.1426320571985504,4.549677121462535e-05,4.83089162751491e-07,1.0,12.277168650977735,0.012,0.21219996821950105,12.110562272369862,1.9524334926579456e-09,1000000.0,0.0,25.0,477428.0
192,193.0,1.2440191829980698,1.54273021339113e-05,4.493212664231771e-06,1.0,1.5368646535413149,0.012,0.24141152079948824,10.00000013411045,0.1118851721827333,1000000.0,0.0,25.0,297500.0
193,194.0,1.1105677331059853,1.3672349629811106e-05,2.8903173111801807e-06,1.0,1.7032419488632016,0.012,0.23057828931498392,10.0,0.02137927249861077,1000000.0,0.0,25.0,378465.3333333333
194,195.0,1.094934734763935,4.392099587191487e-05,3.9945996446683817e-07,1.0,11.517065223547753,0.012,0.23858643248484412,231.7406090348959,2.4549401400619786e-10,1000000.0,0.0,25.0,616873.3333333334
195,196.0,0.9727150809477755,4.294835133661625e-05,4.99395226986165e-07,1.0,11.15940931530703,0.012,0.24262676967582308,16.50728116184473,5.166150007784864e-09,1000000.0,0.0,25.0,378465.3333333333
196,197.0,1.158534477936683,6.917493535816379e-05,3.932794253118152e-07,1.0,19.233092199673695,0.012,0.2460244892352108,10.000001221895218,0.059159871347830406,1000000.0,0.0,25.0,337982.6666666667
197,198.0,1.0707795607495532,4.3075876292363396e-05,5.116397842609588e-07,1.0,11.43853158715126,0.012,0.21039615202570872,21.732129335403442,1.590431186748731e-08,1000000.0,0.0,25.0,477428.0
198,199.0,1.1756142048391405,3.5382395892750204e-05,5.153706879420771e-07,1.0,9.001222370629627,0.012,0.19544858731580206,54.42627638578415,4.222200367109963e-11,1000000.0,0.0,25.0,576390.6666666666
199,200.0,1.1434908366460133,4.5163063473594275e-05,4.91046877271561e-07,1.0,12.728769239370983,0.012,0.20015162358361493,10.002485878765583,2.168488535736479e-06,1000000.0,0.0,25.0,517910.6666666667
200,201.0,1.0762745693257285,4.006976998980846e-05,4.519487108395627e-07,1.0,10.592052755249142,0.012,0.2340611327593365,27.800612822175026,2.387894659783285e-09,1000000.0,0.0,25.0,477428.0
201,202.0,1.1214448513844353,3.7569938947376995e-05,4.3321270378115704e-07,1.0,9.791177249534819,0.012,0.23987600147329857,210.55590897798538,3.958653405078394e-10,1000000.0,0.0,25.0,576390.6666666666
202,203.0,1.1195670417003818,4.291735053096633e-05,4.6376300778673253e-07,1.0,11.759572392246731,0.012,0.21210955589980784,16.390077158808708,4.4249768704762715e-07,1000000.0,0.0,25.0,517910.6666666667
203,204.0,1.1549970883476628,6.12183591909519e-05,4.188820457391772e-07,1.0,16.909020227653322,0.012,0.19867360119013,61.93518478423357,1.7298623644634858e-09,1000000.0,0.0,25.0,616873.3333333334
204,205.0,1.0534824526379545,4.153691998618506e-05,5.201609827798224e-07,1.0,10.243922932225018,0.012,0.19260759082876433,96.68796609342098,8.193588030280807e-10,1000000.0,0.0,25.0,576390.6666666666
205,206.0,1.0325481996080428,5.2166850771972404e-05,4.479358713649939e-07,1.0,14.640057469581109,0.012,0.2211529940087189,10.000000074505806,1.9019512909057568e-08,1000000.0,0.0,25.0,477428.0
206,207.0,1.120927525204634,4.5641016011271314e-05,4.876011401028896e-07,1.0,12.199428422460208,0.012,0.1982888984481903,10.000000424683094,5.261166502457115e-10,1000000.0,0.0,25.0,517910.6666666667
207,208.0,1.058993812673278,4.789452021331973e-05,5.066065713119145e-07,1.0,12.292683023821063,0.012,0.22758903857886992,10.000000193715096,0.04450197673187012,1000000.0,0.0,25.0,337982.6666666667
208,209.0,1.0977953794739455,4.227835239773551e-05,4.4898658598583984e-07,1.0,10.70093767891099,0.012,0.23393054568443006,10.000000186264515,0.002664105011479956,1000000.0,0.0,25.0,436945.3333333333
209,210.0,1.1185497455723277,4.8850299554216164e-05,5.073719208207811e-07,1.0,13.867723458221079,0.012,0.2257077418327711,10.00002720952034,0.01767421196356228,1000000.0,0.0,25.0,378465.3333333333
210,211.0,1.1372942429781265,4.642837098731051e-05,4.598305862045881e-07,1.0,12.442435308605639,0.012,0.23759863488541555,10.000000230967999,0.022629219232542352,1000000.0,0.0,25.0,378465.3333333333
211,212.0,1.1818708692099658,1.6470173467074218e-05,4.810302749365999e-06,1.0,1.428547673071911,0.012,0.2322091743785677,10.000000096857548,0.08005222700330972,1000000.0,0.0,25.0,337982.6666666667
212,213.0,1.107789435329862,3.923655150269174e-05,5.628468669152364e-07,1.0,9.927963079845398,0.012,0.19425474622935468,10.000003136694431,3.6909253431360867e-10,1000000.0,0.0,25.0,477428.0
213,214.0,1.0489285411178484,4.3266610402553415e-05,3.954375759561063e-07,1.0,11.487082926040763,0.012,0.23261398497032104,10.000000022351742,0.08585200630192841,1000000.0,0.0,25.0,378465.3333333333
214,215.0,1.1154666046896926,3.2720133878610575e-05,5.423421319020286e-07,1.0,8.39942754445481,0.012,0.23501072961144587,10.000000543892384,7.150097180996795e-11,1000000.0,0.0,25.0,378465.3333333333
215,216.0,1.1272763978152835,3.9942168780628896e-05,4.1430057289374973e-07,1.0,9.925008217625653,0.012,0.23042575701984447,191.45626151561737,1.5145223963841659e-10,1000000.0,0.0,25.0,616873.3333333334
216,217.0,1.0877642329080492,6.320399004168474e-05,4.659511390741545e-07,1.0,18.26653180587145,0.012,0.24039069753573017,10.000000044703484,9.911621412506122e-09,1000000.0,0.0,25.0,378465.3333333333
217,218.0,1.049606878179371,2.927252591997192e-05,5.677924399909151e-07,1.0,7.348568291460651,0.012,0.1757806797587591,28.37755735963583,2.121476327943128e-10,1000000.0,0.0,25.0,616873.3333333334
218,219.0,1.1492763534503991,4.840434581828373e-05,4.4798501534300446e-07,1.0,12.063222282603618,0.012,0.18931371830772292,27.40458795428276,4.249711693660174e-12,1000000.0,0.0,25.0,616873.3333333334
219,220.0,0.9591017671199811,3.772671134629756e-05,4.018931123928233e-07,1.0,9.091895890154923,0.012,0.25180189635815253,36.91195546835661,0.0032771459941594028,1000000.0,0.0,25.0,477428.0
220,221.0,1.1588457767750546,2.07682138149874e-05,4.816376187164091e-06,1.0,1.300035055662775,0.012,0.18788959133128458,10.000000059604645,2.4106328044837255e-11,1000000.0,0.0,25.0,576390.6666666666
221,222.0,1.0890011631632304,4.721953326445689e-05,4.954355025949591e-07,1.0,12.579449552257628,0.012,0.23567504597042443,10.000044383108616,9.871717615572706e-08,1000000.0,0.0,25.0,378465.3333333333
222,223.0,1.2376221110936558,1.799236318621492e-05,4.074212609773667e-06,1.0,1.3860869399950317,0.012,0.1943415168500664,10.000000022351742,4.276012877113544e-11,1000000.0,0.0,25.0,517910.6666666667
223,224.0,1.1179058088025087,5.706019676276662e-05,4.501266506677881e-07,1.0,15.311245774835129,0.012,0.22023935090640379,26.289460487663746,4.922307061949738e-09,1000000.0,0.0,25.0,477428.0
224,225.0,1.0767305726719858,5.5331095374553296e-05,4.323241154871604e-07,1.0,15.517758351201927,0.012,0.22792164319466934,54.701797001063824,4.680527021516667e-09,1000000.0,0.0,25.0,517910.6666666667
225,226.0,1.120197586361529,5.5226484005043824e-05,4.799743548150045e-07,1.0,14.05363970891284,0.012,0.20449808261884073,10.000000312924385,6.038044120248998e-09,1000000.0,0.0,25.0,477428.0
226,227.0,1.1445434494976214,1.7812171668281483e-05,3.940434903282447e-06,1.0,1.486136986742963,0.012,0.20102456415604308,17.349135264754295,9.498846154087914e-12,1000000.0,0.0,25.0,576390.6666666666
227,228.0,1.1129918062702548,6.74925984893005e-05,3.7146353704076255e-07,1.0,17.32103048171247,0.012,0.23651346578128596,10.000007756054401,0.06607247977889252,1000000.0,0.0,25.0,378465.3333333333
228,229.0,1.0902835638221051,1.9734421938187017e-05,4.28125843779827e-06,1.0,1.3844908451825049,0.012,0.17697622741199837,10.0,1.0930145677434666e-13,1000000.0,0.0,25.0,616873.3333333334
229,230.0,1.186374263209874,1.3957091472247537e-05,2.5496089087120996e-06,1.0,1.8662864203546121,0.012,0.20754197323596912,10.00000011920929,0.006293091973091081,1000000.0,0.0,25.0,477428.0
230,231.0,0.9877537573058025,5.868564765869146e-05,4.1900517893119464e-07,1.0,14.406136419475615,0.012,0.26302412891485716,33.902064956724644,0.004473905914225695,1000000.0,0.0,25.0,378465.3333333333
231,232.0,1.052362524892147,4.6480301226702025e-05,4.107183280367533e-07,1.0,12.3946408471839,0.012,0.23234839640257832,193.83423975855112,7.76378961120372e-13,1000000.0,0.0,25.0,616873.3333333334
232,233.0,1.0528770522894222,4.939831349986776e-05,4.4225708903797214e-07,1.0,13.135389353580138,0.012,0.23825266176722693,10.000000916421413,1.0914914860826741e-08,1000000.0,0.0,25.0,418948.0
233,234.0,1.148497995539995,5.682104839319042e-05,4.468269845890938e-07,1.0,14.857884936627094,0.012,0.251619235104414,10.0,0.022134643998737824,1000000.0,0.0,25.0,337982.6666666667
234,235.0,1.1410850650160527,3.6874556305847375e-05,4.861280892270862e-07,1.0,9.294076299315535,0.012,0.16700743540767604,385.8570276796818,0.030063275167408365,1000000.0,0.0,25.0,715836.0
235,236.0,1.1272235733167357,5.960657848686815e-05,4.0423166731708263e-07,1.0,17.039369018879142,0.012,0.23023610724671073,11.43805119395256,4.244075257897606e-09,1000000.0,0.0,25.0,477428.0
236,237.0,1.0484045207270487,4.4838551781774995e-05,4.23992035101038e-07,1.0,13.048985188503408,0.012,0.22094341738839773,118.02598766982555,1.7431017185209896e-09,1000000.0,0.0,25.0,616873.3333333334
237,238.0,1.0506243747414052,7.148876634924467e-05,4.6213267478548153e-07,1.0,20.00515983829974,0.012,0.23719890325335768,10.000000029802322,0.03183645767985621,1000000.0,0.0,25.0,337982.6666666667
238,239.0,1.061248083778054,5.5688688447465424e-05,4.522196106651651e-07,1.0,14.766140175476622,0.012,0.19287323644495302,17.332905761897564,4.511969847742492e-08,1000000.0,0.0,25.0,576390.6666666666
239,240.0,1.1530109542774807,3.690172340333157e-05,4.842155203333616e-07,1.0,9.59663538514382,0.012,0.19996430463642412,30.04385843127966,5.963407545550581e-11,1000000.0,0.0,25.0,576390.6666666666
240,241.0,1.0690205442702703,4.324488296360128e-05,4.743192773416755e-07,1.0,11.789413860017419,0.012,0.2127047134572777,10.002440333366394,5.4153820261415575e-08,1000000.0,0.0,25.0,477428.0
241,242.0,1.0709415607661315,5.679335108675587e-05,3.916926126010985e-07,1.0,14.950697489939884,0.012,0.22606683798127136,19.22919922322035,3.264270520553225e-10,1000000.0,0.0,25.0,517910.6666666667
242,243.0,1.0558719124303775,5.5407146878865576e-05,4.801374792465357e-07,1.0,14.308773343748634,0.012,0.22254177177633494,10.000071845948696,0.0001532846483893735,1000000.0,0.0,25.0,418948.0
243,244.0,1.2154847892746972,1.7694601324518828e-05,5.00199351952994e-06,1.0,1.5662493654746257,0.012,0.21640811892749667,18.683007322251797,0.04038741288700126,1000000.0,0.0,25.0,436945.3333333333
244,245.0,1.237202686108858,5.539139263696157e-05,4.62005562504013e-07,1.0,15.48008779209875,0.012,0.2083205577438605,17.776448287069798,5.644289202688668e-09,1000000.0,0.0,25.0,517910.6666666667
245,246.0,1.1194946241902077,2.1282958632376422e-05,5.204500582434045e-06,1.0,1.2248294263432342,0.012,0.24372444143328664,103.63767735660076,9.960193780855775e-11,1000000.0,0.0,25.0,576390.6666666666
246,247.0,1.1677239269019433,4.499677449391201e-05,5.054532987311549e-07,1.0,11.871049356333785,0.012,0.17687802731632019,22.06480323523283,3.475980614453533e-11,1000000.0,0.0,25.0,616873.3333333334
247,248.0,1.0532193743097549,4.456764880330951e-05,4.908236227527463e-07,1.0,12.136762412061465,0.012,0.19912472672240966,10.000026494264603,1.516563030712348e-08,1000000.0,0.0,25.0,517910.6666666667
248,249.0,1.1780659858592517,1.552480345241628e-05,3.126155808758199e-06,1.0,1.8049050850490005,0.012,0.21458538606720623,51.17532829940319,2.2343255023926645e-10,1000000.0,0.0,25.0,576390.6666666666
249,250.0,1.1060639159051167,3.8427426172041765e-05,4.920406938872194e-07,1.0,10.234272621849044,0.012,0.2225593389026983,30.370527051389217,1.060464493995994e-10,1000000.0,0.0,25.0,477428.0
250,251.0,1.051792167606587,3.416526795763295e-05,4.985569937304159e-07,1.0,9.11477255668958,0.012,0.2269725510913716,10.000000022351742,1.1119536957870935e-09,1000000.0,0.0,25.0,436945.3333333333
251,252.0,1.2715219831707942,5.19754798002925e-05,4.737612423572838e-07,1.0,14.092908751914138,0.012,0.21925490416247584,10.000336840748787,1.5056602631347005e-09,1000000.0,0.0,25.0,436945.3333333333
252,253.0,1.0730601057572602,4.106732712259066e-05,5.065212471024044e-07,1.0,9.784512106727263,0.012,0.19601683730659403,11.726070418953896,6.23794349507989e-11,1000000.0,0.0,25.0,517910.6666666667
253,254.0,1.1028631692002497,4.878620452902346e-05,4.898169865030888e-07,1.0,14.37106726540717,0.012,0.21625594752007515,20.47870395332575,2.8242705951697644e-09,1000000.0,0.0,25.0,477428.0
254,255.0,1.0487697535835356,3.4083146092922176e-05,4.875064931562781e-07,1.0,8.423397056543955,0.012,0.2109727806913,73.73214007914066,9.811876311438539e-10,1000000.0,0.0,25.0,576390.6666666666
255,256.0,1.1921706181290834,4.082580749920362e-05,5.439486277955565e-07,1.0,10.213308851848566,0.012,0.1497266146604943,43.033743783831596,5.289879645431483e-12,1000000.0,0.0,25.0,715836.0
256,257.0,1.1621689006054579,1.9924645059842294e-05,6.1815975668989045e-06,1.0,1.2671173710905919,0.012,0.22762495051527054,20.800731763243675,0.03090994447952705,1000000.0,0.0,25.0,378465.3333333333
257,258.0,1.1388466116032525,4.768998312898864e-05,4.156024745970957e-07,1.0,13.214506390059384,0.012,0.24200792238977442,10.00000025331974,0.04377768715475461,1000000.0,0.0,25.0,378465.3333333333
258,259.0,1.0989442459496561,3.469600702854804e-05,5.131523697823323e-07,1.0,7.895532403908945,0.012,0.1583301355422151,36.3296115770936,1.9046014765322639e-10,1000000.0,0.0,25.0,715836.0
259,260.0,1.0942465586656396,5.2744005311331583e-05,4.132871908845085e-07,1.0,14.914634930731808,0.012,0.26404317004473654,10.00000012665987,0.06429786988367048,1000000.0,0.0,25.0,297500.0
260,261.0,1.044378169662123,4.9955301415331996e-05,4.3176307860975016e-07,1.0,13.101181989768996,0.012,0.2247056961611591,11.080947503447533,0.0007881723103975724,1000000.0,0.0,25.0,477428.0
261,262.0,1.2672842677986473,1.6754565409882904e-05,4.626248888880486e-06,1.0,1.4002348868241654,0.012,0.22122128252819095,10.000000052154064,0.11413544009986198,1000000.0,0.0,25.0,337982.6666666667
262,263.0,1.1294756000486315,3.411902489656978e-05,4.86667576365615e-07,1.0,8.406256161778927,0.012,0.2245201707434319,22.95787536352873,7.035887428230581e-10,1000000.0,0.0,25.0,477428.0
263,264.0,1.1006558753722644,6.294381370210224e-05,4.168392521250412e-07,1.0,17.55632782974515,0.012,0.22295716344812888,16.260089710354805,1.4155226157885892e-08,1000000.0,0.0,25.0,477428.0
264,265.0,1.096935222060554,6.229166668006458e-05,4.037792776296923e-07,1.0,16.938196587250005,0.012,0.2377938472591481,10.000000052154064,5.296912908292484e-11,1000000.0,0.0,25.0,436945.3333333333
265,266.0,0.9342765298267822,5.3345262089554024e-05,4.5789995166754224e-07,1.0,13.431200324663514,0.012,0.2422991920788391,10.00000761449337,3.576590462683882e-08,1000000.0,0.0,25.0,378465.3333333333
266,267.0,1.1300791800001533,1.686864827863859e-05,4.549945764028975e-06,1.0,1.3766442035931092,0.012,0.22235553278797227,10.000000067055225,0.09194069744324052,1000000.0,0.0,25.0,337982.6666666667
267,268.0,1.0874915639308995,5.048518189879545e-05,3.7745084770668836e-07,1.0,13.808522744759408,0.012,0.2600666836123722,50.51086185872555,1.037638863721213e-10,1000000.0,0.0,25.0,477428.0
268,269.0,1.1329901853756161,5.250880232097472e-05,4.3699015282184904e-07,1.0,15.058608428880369,0.012,0.23448307615191766,10.000003948807716,8.516354288445882e-11,1000000.0,0.0,25.0,436945.3333333333
269,270.0,1.10951768957306,1.8054814730033425e-05,3.6339759636184175e-06,1.0,1.3200542746360213,0.012,0.19240613386908478,10.0,1.071365218763276e-14,1000000.0,0.0,25.0,517910.6666666667
270,271.0,1.1698734538531714,4.1830539823242094e-05,4.68002728432812e-07,1.0,11.189424090195857,0.012,0.23324696968455783,10.000001586973667,3.7407948405565605e-09,1000000.0,0.0,25.0,418948.0
271,272.0,1.0834627016592728,4.1286764233072954e-05,5.379503486420108e-07,1.0,11.335089132796625,0.012,0.23162949131479849,10.00000012665987,0.029211442520744813,1000000.0,0.0,25.0,337982.6666666667
272,273.0,1.1487646962107476,5.379323294298773e-05,4.1717581507052994e-07,1.0,14.448640503965635,0.012,0.2224275568603744,10.0000009983778,0.004464937725013107,1000000.0,0.0,25.0,477428.0
273,274.0,1.1286501581922015,4.699276599183718e-05,4.2792497948238e-07,1.0,12.251153142016122,0.012,0.18895004952322836,10.00000162422657,6.192794610448971e-10,1000000.0,0.0,25.0,616873.3333333334
274,275.0,1.2239931737768053,1.778434502354577e-05,4.769577012430371e-06,1.0,1.371368915226327,0.012,0.2024744278585402,10.0,0.007015969950465439,1000000.0,0.0,25.0,436945.3333333333
275,276.0,1.1575237439117942,4.87593643341525e-05,4.560378443959693e-07,1.0,12.94241296111742,0.012,0.22374844293284468,25.432654604315758,1.1993863124892812e-09,1000000.0,0.0,25.0,477428.0
276,277.0,1.1293302283598914,4.743058690868276e-05,4.136679992438485e-07,1.0,13.2534231093722,0.012,0.22125025198587167,42.01752232015133,7.84595416414291e-09,1000000.0,0.0,25.0,576390.6666666666
277,278.0,1.1736061946522713,7.14000273353907e-05,4.281749458521673e-07,1.0,20.52859812615532,0.012,0.22097685278725265,17.578753374516964,0.0034566953270798173,1000000.0,0.0,25.0,477428.0
278,279.0,1.1930578584181797,6.062074275770768e-05,4.816011855420131e-07,1.0,17.12457781430028,0.012,0.19757296663488688,22.54463954269886,7.943962154755013e-11,1000000.0,0.0,25.0,517910.6666666667
279,280.0,1.164135501151772,1.6110913122587518e-05,4.815640168875884e-06,1.0,1.370234642610825,0.012,0.23821915019779993,10.0,0.11854478460994905,1000000.0,0.0,25.0,297500.0
280,281.0,1.1555134438479153,1.8801910426817816e-05,4.29597794633984e-06,1.0,1.4605396538703914,0.012,0.18668920900485375,10.0,7.058797990566745e-13,1000000.0,0.0,25.0,576390.6666666666
281,282.0,1.0673838608890436,1.692770602788221e-05,4.02746461399318e-06,1.0,1.4433072431501657,0.012,0.20915873731147627,36.02118910104036,1.1284423395707677e-10,1000000.0,0.0,25.0,477428.0
282,283.0,1.0896436525136062,4.7523288880079226e-05,4.401285137800714e-07,1.0,13.130420805994078,0.012,0.23322850944761342,34.53364182263613,3.9990988298654884e-10,1000000.0,0.0,25.0,477428.0
283,284.0,1.189935414824615,4.5572405222031105e-05,4.3014254806245946e-07,1.0,12.533720760891569,0.012,0.21207047479786922,86.88003426790237,1.3758928996132624e-09,1000000.0,0.0,25.0,616873.3333333334
284,285.0,1.1648335815222794,6.074182645299117e-05,4.1882847028074934e-07,1.0,16.9481978364361,0.012,0.2518531226174332,10.000005550682545,4.870810754731281e-09,1000000.0,0.0,25.0,378465.3333333333
285,286.0,1.0877922037139718,5.424692994883785e-05,4.787046393436232e-07,1.0,14.734838099065868,0.012,0.24429935769536115,10.0,0.058104102200442875,1000000.0,0.0,25.0,297500.0
286,287.0,1.1709446438920126,1.5326612239631234e-05,3.325741708769001e-06,1.0,1.6864912347579946,0.012,0.21523026297246162,10.0,0.007264717440638002,1000000.0,0.0,25.0,477428.0
287,288.0,1.0942115159527646,6.3843375506601e-05,3.9248776630819795e-07,1.0,17.848437231390065,0.012,0.24690703015172488,47.043719321489334,6.979023114972449e-05,1000000.0,0.0,25.0,477428.0
288,289.0,1.0674188458875922,1.7564098424050096e-05,4.33499431772078e-06,1.0,1.281499559420169,0.012,0.2091783094864752,10.0,0.0046395773441541555,1000000.0,0.0,25.0,418948.0
289,290.0,1.125662173058241,5.2128781246696756e-05,4.2022287340272275e-07,1.0,14.11098617042773,0.012,0.25102216821092327,10.000000178813934,0.014644880671315641,1000000.0,0.0,25.0,378465.3333333333
290,291.0,1.0301487329616383,5.2938090182666484e-05,4.478503002945414e-07,1.0,13.741609678457586,0.012,0.23690739162579888,13.929684102535248,6.352303127954428e-10,1000000.0,0.0,25.0,418948.0
291,292.0,1.073957524693318,1.6519177258296734e-05,4.446008350500031e-06,1.0,1.3537964469478538,0.012,0.22148992918265265,10.00205460190773,0.08414082352210794,1000000.0,0.0,25.0,337982.6666666667
292,293.0,1.1922823586599343,4.477241486917934e-05,4.72100615034965e-07,1.0,11.343026642633419,0.012,0.18624235354602803,10.00000274926424,4.118333452041156e-11,1000000.0,0.0,25.0,576390.6666666666
293,294.0,1.0701834977224334,3.7398681580949507e-05,4.048730366510339e-07,1.0,9.213562032815943,0.012,0.22128219031482388,60.221655651926994,3.6528724489670594e-11,1000000.0,0.0,25.0,616873.3333333334
294,295.0,1.1575174793243626,6.149858443315928e-05,5.088526513547499e-07,1.0,17.463429744176985,0.012,0.2355083217243532,10.000000566244125,0.014970931337617677,1000000.0,0.0,25.0,337982.6666666667
295,296.0,0.9635775612758549,1.675054023495218e-05,4.093234542901766e-06,1.0,1.3971745529368604,0.012,0.21372736450322094,10.0,0.09139724731148413,1000000.0,0.0,25.0,378465.3333333333
296,297.0,1.1475323420340695,1.607025108835438e-05,3.85054684812217e-06,1.0,1.8150479805851774,0.012,0.18356082642581129,10.0,1.6030032856662046e-10,1000000.0,0.0,25.0,477428.0
297,298.0,1.0411032193928382,3.4798067919871856e-05,4.864558609119477e-07,1.0,8.809281983952665,0.012,0.20603654254366432,107.552356377244,1.0790787152714643e-09,1000000.0,0.0,25.0,616873.3333333334
298,299.0,1.088194316436752,1.7336366520382456e-05,4.471466747136104e-06,1.0,1.5178817178431956,0.012,0.21945205205533114,23.467865854501724,3.253231017907865e-12,1000000.0,0.0,25.0,477428.0
299,300.0,0.993152526717782,5.950510692001485e-05,3.918964946656025e-07,1.0,16.510203983306027,0.012,0.24626981796179592,37.61940210312605,3.0156264707592584e-09,1000000.0,0.0,25.0,477428.0
