,Resample,RMSLE,p,k_V,c_V,r,k_T,d_T,T_0,V_0
0,1.0,0.9393963135674477,6.041601974088934,1200000.0,2.6435777261031105e-06,0.23998338666511643,1722.132423095405,0.07129975585068266,944798.8,25.0
1,2.0,0.9929730043354705,5.8063086458573565,1200000.0,2.291259649219269e-06,0.2589959966825788,2910.7445474416018,0.07081554029135262,1007467.6,25.0
2,3.0,0.8640532803430235,5.450117350236631,1200000.0,2.278648606587297e-06,0.276345983766106,2508.2967962548137,0.07114267159628485,883877.6,25.0
3,4.0,1.0204311754282842,5.356215762489981,1200000.0,2.064192050749333e-06,0.2921982603346436,2593.5757177323103,0.09040117179119483,943588.4,25.0
4,5.0,0.8603483615966581,4.8529711016782855,1200000.0,1.8621713069993647e-06,0.3078444189863916,1588.947000786662,0.10038533893003349,893860.0,25.0
5,6.0,0.9953543526178247,5.027625502681303,1200000.0,1.9501801462987504e-06,0.3063750269739103,2232.8023712188005,0.08923154959888069,872827.6,25.0
6,7.0,1.068538684030565,5.747469915362593,1200000.0,2.2986314153353992e-06,0.2544844119919887,2627.270138785243,0.07305323786071538,1036163.6,25.0
7,8.0,0.9865816654695184,5.763007435322315,1200000.0,2.3971163410993428e-06,0.24584685661417893,1981.0640333592892,0.06922073999642925,996274.8,25.0
8,9.0,1.006183278868611,5.874932189685836,1200000.0,2.368354567590188e-06,0.24978524459899631,1838.8128748089075,0.07776256335184728,1010425.6,25.0
9,10.0,1.004013304623865,5.747457119868663,1200000.0,2.1377974742305624e-06,0.27276744642576745,2823.503188930452,0.07773222770020333,1010425.6,25.0
10,11.0,0.8849711364436675,5.063980492986211,1200000.0,1.880741708613963e-06,0.3150776384585825,2395.4023229256272,0.09558656467745003,888583.2,25.0
11,12.0,0.9941573041805464,5.684258238362808,1200000.0,2.3117799606007833e-06,0.2583964472542988,2480.0073138922453,0.07670765107543392,1004509.6,25.0
12,13.0,1.0141428449120449,4.8008003165351525,1200000.0,1.9155520267826883e-06,0.32871850631529753,1933.697343610227,0.10006489260686291,790731.2,25.0
13,14.0,1.0571641700385948,5.306395232905913,1200000.0,2.0469902910006646e-06,0.2867562597393629,2953.616739206016,0.08288141153456569,980519.2,25.0
14,15.0,1.054751290645176,5.501065943807397,1200000.0,2.2540891880888693e-06,0.276125574648745,2173.070655182004,0.08273820640544544,922556.0,25.0
15,16.0,1.0452799028821889,5.3854369412719265,1200000.0,2.1106038057174055e-06,0.27534999914465885,2564.4253917485476,0.0838428034883219,999232.8,25.0
16,17.0,0.9418114626921276,5.490673816207838,1200000.0,2.0756210919033543e-06,0.28000862077615807,2484.2985398098826,0.08073878783169319,983477.2,25.0
17,18.0,0.9217881326001066,5.749334542287613,1200000.0,2.249510980269624e-06,0.2651529987200476,2477.6915867850184,0.0705892432988155,970536.8,25.0
18,19.0,1.0001450777685492,5.027750642447906,1200000.0,2.029175115749745e-06,0.31130941556441627,2233.7867426127195,0.08562335473601179,817040.4,25.0
19,20.0,0.9832345406133857,5.3310318572082664,1200000.0,2.070318974353609e-06,0.2835632530097314,2436.1451927497983,0.08017113939345588,938882.8,25.0
20,21.0,0.8996244362253448,5.154988683442575,1200000.0,2.058497361052367e-06,0.3152985116854623,3409.9649742394686,0.07718658470132017,822956.4,25.0
21,22.0,0.9720840711410794,5.855990406700691,1200000.0,2.2371585832012166e-06,0.25839282310205647,1973.6888310685754,0.08129042239301515,1030886.8,25.0
22,23.0,0.9908706612383876,5.503843582566184,1200000.0,2.203523082148538e-06,0.2716468582371405,2642.683132611215,0.0730057030367171,949504.4,25.0
23,24.0,1.028946219928442,5.469208027469705,1200000.0,2.2509437217357748e-06,0.2670285155556442,2452.091547034681,0.07286861941052197,946546.4,25.0
24,25.0,0.9534168230692368,5.687335197827508,1200000.0,2.272836454002187e-06,0.2617373071161353,1785.8173956945539,0.08062032770765093,970536.8,25.0
25,26.0,0.8798451307174198,5.399667587552038,1200000.0,2.1692416735519582e-06,0.29104369132694785,1722.6298158243299,0.08167426814825357,832938.8,25.0
26,27.0,0.997032203290461,4.926507697125466,1200000.0,2.0346570847483552e-06,0.30379016515801993,2591.0909854471684,0.08255200708779897,856929.2,25.0
27,28.0,1.0061519260889193,5.609043414922709,1200000.0,2.202197603020166e-06,0.27661552090063424,3217.8331485539675,0.06609609670925226,932966.8,25.0
28,29.0,0.9095322618773717,5.984670131200858,1200000.0,2.4472383175903244e-06,0.24435937199390878,1946.2790180817246,0.0744011490908153,1007467.6,25.0
29,30.0,0.9464947801624598,5.574207683896532,1200000.0,2.2409296378899824e-06,0.27212656991296313,2692.2978040501475,0.07393860506388239,949504.4,25.0
30,31.0,0.980948225368158,5.376925830436271,1200000.0,2.1627245723716766e-06,0.2775608507548952,2549.84606397897,0.07929523162630986,941269.6,25.0
31,32.0,0.9359379208127561,5.8130154612855875,1200000.0,2.334443660277165e-06,0.25531031999060616,2800.2386583685875,0.06664547769886364,1007467.6,25.0
32,33.0,1.0729068422902952,5.497785962067084,1200000.0,2.209177442914656e-06,0.2658572086443556,2504.876104608178,0.0737759505938691,986435.2,25.0
33,34.0,1.166622501117079,5.882466469963049,1200000.0,2.3266650299017574e-06,0.24825788976252738,2471.4361108466983,0.07237790013309175,1057196.0,25.0
34,35.0,1.0279839747877122,5.660854555626962,1200000.0,2.2117179155122586e-06,0.26621531599280246,2059.911357834935,0.08501074480816617,999232.8,25.0
35,36.0,0.9648373924005308,6.103228672154643,1200000.0,2.6394855365531353e-06,0.24220288961755188,2280.278343036771,0.06368689529026411,946546.4,25.0
36,37.0,0.89658363456093,5.890864074748038,1200000.0,2.3493888073926883e-06,0.27517124310817564,2102.362124249339,0.08178079585486975,890902.0,25.0
37,38.0,1.1612880058465163,5.385655701148856,1200000.0,2.0792634188695198e-06,0.27598078043354235,2731.24386177212,0.08021287245152964,1004509.6,25.0
38,39.0,0.9644060946026217,5.539070082477167,1200000.0,2.158316731984541e-06,0.26957363648477184,2111.232781842351,0.08616052465283541,1004509.6,25.0
39,40.0,0.942100851646156,5.4694716814534985,1200000.0,2.2229991674260565e-06,0.2806082945323425,2056.5670944973826,0.07948189182846394,888583.2,25.0
40,41.0,0.8494681559031523,5.307384093021682,1200000.0,2.30347291931802e-06,0.2846821350336768,3045.1837976276875,0.05942519280781877,822956.4,25.0
41,42.0,1.0735087052828352,5.808594044712088,1200000.0,2.344454572480477e-06,0.25446921772932285,2365.0079855695367,0.07398667883536308,999232.8,25.0
42,43.0,0.9823818740632537,5.604645415994277,1200000.0,2.256781884742322e-06,0.26177128630207136,1695.2961196303368,0.09289858677886603,1012173.2,25.0
43,44.0,1.0540164985942302,5.065517597900296,1200000.0,2.049331478579469e-06,0.29969367945570013,2054.0748600438237,0.08794078654116882,856929.2,25.0
44,45.0,0.9911689830252074,5.75827853108111,1200000.0,2.4926340405822736e-06,0.2664302809600798,2721.19763417542,0.07479784426377145,909615.6,25.0
45,46.0,1.0332168606428016,5.920047025947731,1200000.0,2.375161301689382e-06,0.25235216821112516,2462.4238518103957,0.07774226654331662,1033205.6,25.0
46,47.0,0.974054963468714,5.61442949014441,1200000.0,2.303096504897716e-06,0.25762694783489337,2888.067194342613,0.06920652993219867,1007467.6,25.0
47,48.0,0.9468582401498328,6.209714778639508,1200000.0,2.4421026168750274e-06,0.2425400276434857,2585.4303154200315,0.07009178104612768,1064859.6,25.0
48,49.0,0.9163218810254788,6.291220733898712,1200000.0,2.8416259853624994e-06,0.21688713365904277,1533.2179701328278,0.052632727569734084,967578.8,25.0
49,50.0,0.9848736677160203,5.5217410117918035,1200000.0,2.2215440462323925e-06,0.2964006040890794,3598.1246356591582,0.07356708501115716,864592.8,25.0
50,51.0,0.9485400303302427,5.279776100989828,1200000.0,2.2790373619711385e-06,0.2838141865420738,4945.492890931666,0.05960209682389095,917850.4,25.0
51,52.0,0.9992940030355855,6.137011596386365,1200000.0,2.5087694218896763e-06,0.24091141487244272,1694.9386773929,0.07612279906794528,1006896.4,25.0
52,53.0,0.9757918631733126,5.5330982310656935,1200000.0,2.231877484598681e-06,0.2742350319337703,3331.618560962379,0.0765544313043604,983477.2,25.0
53,54.0,0.9717097698305132,5.406501262287577,1200000.0,2.1978848355324804e-06,0.2888651755967757,2788.8676005080342,0.08019140996169771,888583.2,25.0
54,55.0,1.0248229502821986,5.481402408188316,1200000.0,2.2560323726561848e-06,0.26789439892680633,2267.8924229219556,0.07298620484845986,938882.8,25.0
55,56.0,0.9455101112505861,4.97230370715824,1200000.0,2.09610351582608e-06,0.29884329257475883,2328.4437399730086,0.08835649535457996,856929.2,25.0
56,57.0,0.9495390652600937,4.7982373862633665,1200000.0,1.7693747767537961e-06,0.32087554964414267,2018.9098614230752,0.0964464489549755,883877.6,25.0
57,58.0,0.9346134565797651,5.452484562267919,1200000.0,2.315278496823883e-06,0.28245974517307815,3150.809906452894,0.07589035743178396,880348.4,25.0
58,59.0,1.0730584527326208,5.579845364803099,1200000.0,2.312775792522502e-06,0.26470812614542893,2798.979023426771,0.07133790337416696,954781.2,25.0
59,60.0,1.0508978254771888,6.263089325749256,1200000.0,2.5333620436336906e-06,0.23668065786403503,1928.7355875894427,0.08035925688253104,1057196.0,25.0
60,61.0,1.0204654189228155,5.7351036034582705,1200000.0,2.4565606057978725e-06,0.2573983452009543,2684.936714813113,0.07247109265795071,954781.2,25.0
61,62.0,0.9228070599210065,5.037163191190125,1200000.0,1.9843275639369937e-06,0.31236364555552854,2632.071142986417,0.08674448669962426,853971.2,25.0
62,63.0,1.0311967486241198,5.497316541151072,1200000.0,2.222323521236622e-06,0.25439998331547287,1870.0315900668502,0.07494170615995394,1007467.6,25.0
63,64.0,0.9989864694995272,5.517266141829602,1200000.0,2.3057904090635574e-06,0.2748193583280951,3663.3811777979136,0.06024788889775151,896818.0,25.0
64,65.0,1.1296765848853678,5.865418572299525,1200000.0,2.3583692593148435e-06,0.256801811310865,3701.5272021740675,0.06519095351208781,1025542.0,25.0
65,66.0,1.105007282246271,5.481344276638424,1200000.0,2.216390467728748e-06,0.2676595349025561,2421.7999506369233,0.07835196248148535,983477.2,25.0
66,67.0,1.0089501354703398,5.54487061660631,1200000.0,2.154389315930981e-06,0.2597720137791555,2778.2768991813064,0.07155340788939168,1060154.0,25.0
67,68.0,0.9955955963170154,5.868590945746739,1200000.0,2.2584838423476953e-06,0.2682105254521474,2050.0430136546493,0.08618707273659326,975242.4,25.0
68,69.0,0.943455189234713,5.9474605806593885,1200000.0,2.526668122501974e-06,0.2477971704242492,2680.3910893425345,0.06280546435415602,973494.8,25.0
69,70.0,0.9872444251523852,4.967959029313832,1200000.0,1.9714790572636986e-06,0.3042724070013776,2279.486780822277,0.0871198954538625,869869.6,25.0
70,71.0,1.0423856994563923,5.932780628257582,1200000.0,2.1964380417349553e-06,0.2508217410617135,1802.178537197411,0.08149675571785336,1088850.0,25.0
71,72.0,1.0189636429442588,5.505854565641805,1200000.0,2.152264032748406e-06,0.263811163052857,2714.9362591579556,0.07443867182148745,1036163.6,25.0
72,73.0,1.0992736531262641,5.307033879783852,1200000.0,2.0446633020535174e-06,0.28784274023299616,3942.082152761519,0.07875900205395164,1004509.6,25.0
73,74.0,1.0748134220965806,5.27171351766053,1200000.0,2.242776252542459e-06,0.28472831541662913,3282.936186991632,0.05978189259062466,856929.2,25.0
74,75.0,1.0219232495347825,5.602287513607749,1200000.0,2.2851154474716468e-06,0.25895605318179094,2541.189686693251,0.06779365427214229,975242.4,25.0
75,76.0,0.9395064750751809,5.439170971422605,1200000.0,2.090854258230928e-06,0.2745384734284855,3099.6323070451617,0.07036491765225822,996274.8,25.0
76,77.0,1.0062655313794,5.726430791442148,1200000.0,2.633850659425529e-06,0.24406640641768718,2913.258352793753,0.05168254603870509,920808.4,25.0
77,78.0,0.9283116246346573,5.749120870266957,1200000.0,2.2705615108683437e-06,0.2544880292089644,1697.3572692275047,0.07888833347999769,1006896.4,25.0
78,79.0,0.9881500037260177,5.539408764525213,1200000.0,2.297390605370309e-06,0.2687201176913163,2051.5405269041657,0.08575736499755648,946546.4,25.0
79,80.0,1.010149512933824,6.058960609339664,1200000.0,2.6091478767997013e-06,0.23256583184620183,2380.4955273121595,0.06609971539997411,1027928.8,25.0
80,81.0,1.0760781081452906,5.765014882998521,1200000.0,2.4159076436746727e-06,0.26269016068680884,3184.2425753474236,0.07097446563133847,962444.8,25.0
81,82.0,1.0577531269929825,5.140980723710065,1200000.0,2.1351627221972066e-06,0.29394204153276604,3485.6951342746615,0.0750374456808206,885625.2,25.0
82,83.0,0.9992129292908182,5.272175914985574,1200000.0,2.1050357754297253e-06,0.2876051474799084,2646.608794629574,0.07673177375323026,909615.6,25.0
83,84.0,1.025708710058993,4.892047530137184,1200000.0,2.1516849847827896e-06,0.2900188433048072,3077.3811771571636,0.06662948123027729,859887.2,25.0
84,85.0,0.7922183455748122,6.127093881964782,1200000.0,2.4708159068784045e-06,0.24923613043254988,2074.1660829260945,0.07009962461240687,975242.4,25.0
85,86.0,1.021341023073713,5.450614364009965,1200000.0,2.309087383724823e-06,0.28144406651924925,2807.773883961141,0.0740293504829499,872827.6,25.0
86,87.0,0.9722993306853125,5.304104536626653,1200000.0,2.1521949728007243e-06,0.2880553892373072,2901.8484081849456,0.07151270577045304,880919.6,25.0
87,88.0,0.9491253049204746,6.020129693229926,1200000.0,2.367866299612164e-06,0.25677483826079595,2369.3028322830796,0.07709047638053373,1004509.6,25.0
88,89.0,0.9117417214317409,5.533545369944129,1200000.0,2.2612880854047044e-06,0.26950732249741094,2882.85968721658,0.06255575622974063,917850.4,25.0
89,90.0,1.0126001037597423,5.845590322921062,1200000.0,2.386392383596183e-06,0.2515731049242689,2349.3599557951093,0.0748848184038825,1012173.2,25.0
90,91.0,1.0009206768202747,5.555595770719208,1200000.0,2.270758133403607e-06,0.2630252912637161,2005.6585123986006,0.07937790466280154,975813.6,25.0
91,92.0,0.921945461114258,5.588661583606424,1200000.0,2.3209294993751107e-06,0.2597167199962058,1436.8289554193616,0.07465130379812474,914892.4,25.0
92,93.0,0.957790133981106,5.440774439628733,1200000.0,2.239559210201186e-06,0.27684318266647523,2263.2551969587803,0.08360754986025648,912573.6,25.0
93,94.0,0.9900613472862935,6.051589423719619,1200000.0,2.445998061755869e-06,0.24046365417738258,2685.01897354424,0.062476089769778365,1039121.6,25.0
94,95.0,1.0746713273235016,5.400910709095186,1200000.0,2.123683597167113e-06,0.26527656725023974,2763.9331026524305,0.07108286780176776,1028500.0,25.0
95,96.0,1.1116976664198415,5.50716569468014,1200000.0,2.163095338338948e-06,0.26689590260914287,2557.4535849764943,0.07727822315550364,1002190.8,25.0
96,97.0,0.9102533519190583,5.842125979532362,1200000.0,2.4548665020175927e-06,0.24692989841489066,2758.679929383099,0.062093142541514657,999232.8,25.0
97,98.0,0.9217947025369433,5.865743108201919,1200000.0,2.3392894004189114e-06,0.24510720978803846,2390.9318738505244,0.06598248717591665,1036163.6,25.0
98,99.0,0.9343039782368693,5.174334282446438,1200000.0,2.1022020194277514e-06,0.28480825325046055,3090.119619756937,0.06965501491812398,917279.2,25.0
99,100.0,1.0286214221570842,5.529710106030031,1200000.0,2.3616418653934368e-06,0.2574704356422899,2621.9019153937697,0.06677959784315823,964620.8,25.0
100,101.0,0.9315406258362227,4.951281098625508,1200000.0,1.9685971732462764e-06,0.29793028866861704,2488.986105494201,0.08124475243607177,906657.6,25.0
101,102.0,0.9862370774486301,5.172711867443979,1200000.0,1.9993553937343515e-06,0.3037014557651787,1937.9157952293754,0.09051841024396823,864592.8,25.0
102,103.0,1.0148445161521695,5.734220222251203,1200000.0,2.3211320129565426e-06,0.25957582923322065,2738.302459269762,0.07558974960175224,1007467.6,25.0
103,104.0,1.0712668772110276,5.555291981294559,1200000.0,2.326169680869742e-06,0.26740891050459226,4569.144069135189,0.049943164149608255,941269.6,25.0
104,105.0,1.1579035496088423,5.4511491736593385,1200000.0,2.2004637339558436e-06,0.263574642886077,1955.325295381248,0.08110220248782235,986435.2,25.0
105,106.0,0.9946814924541647,5.467254297126338,1200000.0,2.334227479060045e-06,0.28203163039052015,3097.77090023458,0.07768406931290744,893860.0,25.0
106,107.0,0.9726306785972997,4.922734841391424,1200000.0,2.0305959178578174e-06,0.29127269995240823,3079.750947318971,0.07351104166488537,922556.0,25.0
107,108.0,1.1485161774067416,5.437460690496316,1200000.0,2.1845765805178526e-06,0.28646828457801377,3677.7878095582128,0.0758211134523673,917850.4,25.0
108,109.0,0.9829896444704284,5.015619487296554,1200000.0,1.9149960802407594e-06,0.32423924716388086,3236.9597333297133,0.09432547431751148,885625.2,25.0
109,110.0,0.8757311137048982,4.907182640615531,1200000.0,1.8830536332848475e-06,0.3326014724104027,2953.6003066450357,0.09498337135874796,832938.8,25.0
110,111.0,0.9421931197760179,5.968499093166052,1200000.0,2.410968235568069e-06,0.24941343519915904,2321.0350607782602,0.060157604258188946,959486.8,25.0
111,112.0,0.9732551509718231,5.430088914504282,1200000.0,2.1379437228356873e-06,0.2879440986859194,2471.276925370097,0.08323870221460289,914892.4,25.0
112,113.0,0.8514441055462522,6.360173281451274,1200000.0,2.652736948201635e-06,0.2327432867534469,1587.3370601460338,0.07402743208316659,1015131.2,25.0
113,114.0,1.0764879692659886,5.221561980588923,1200000.0,1.9844563965454003e-06,0.2996914098258969,3216.4431937113404,0.08933210870221653,973494.8,25.0
114,115.0,0.9963530453722192,5.098123565643142,1200000.0,1.9618841098329007e-06,0.29272838848559957,2676.216968461871,0.08520620685400021,962444.8,25.0
115,116.0,0.970137794539971,5.76828030816305,1200000.0,2.2221693831707247e-06,0.26440011020017096,3095.5177734792233,0.06857402868679408,1007467.6,25.0
116,117.0,0.9239184760524115,5.03485708200229,1200000.0,1.98922174100127e-06,0.31382746239410864,2369.352718733251,0.09102939989307923,835896.8,25.0
117,118.0,1.0078650442412995,5.119953112714207,1200000.0,1.9632289650572154e-06,0.30577790431448193,1921.0494671463966,0.09466794897681347,877961.6,25.0
118,119.0,0.9131545597661689,5.070275452593066,1200000.0,1.8247377044968425e-06,0.3157887392577905,2699.98683154583,0.09324256967842676,930790.8,25.0
119,120.0,1.1281341125397133,5.9361930116988475,1200000.0,2.4135690032737843e-06,0.23556974694962918,2778.806216932833,0.05929576027209932,1088850.0,25.0
120,121.0,0.9466209795225019,5.679963711290824,1200000.0,2.333661584928889e-06,0.2572924348389023,2381.3640438318253,0.06951983128154293,970536.8,25.0
121,122.0,0.9367180126885499,6.087710589663388,1200000.0,2.4198162442427607e-06,0.23636973977821185,2134.15432728827,0.0732292800886033,1088850.0,25.0
122,123.0,0.9925634009762158,5.580115439569333,1200000.0,2.2641247179379804e-06,0.2794438906152763,2363.211445763707,0.07888538881606638,896818.0,25.0
123,124.0,1.062625649515138,5.764572348549265,1200000.0,2.462483682111044e-06,0.24498906995190595,3160.068581342697,0.05841912575798619,1002190.8,25.0
124,125.0,1.0715002199181534,5.6587098694270495,1200000.0,2.4336025678335223e-06,0.26442224297649375,2215.548764154315,0.07506894415900023,920808.4,25.0
125,126.0,0.9840863806343455,5.467782086250892,1200000.0,2.207335416502808e-06,0.2779658260657385,2565.688890784979,0.08085313961157231,935924.8,25.0
126,127.0,0.9572744533523055,4.970738510861558,1200000.0,1.9298622139446518e-06,0.31081382864200435,1982.9930009320378,0.09485110858397033,859887.2,25.0
127,128.0,0.9161877887470471,5.876696752376752,1200000.0,2.623857650640406e-06,0.24664221767165628,2261.675369992852,0.06766376101922683,922556.0,25.0
128,129.0,1.0471054143335394,5.369513144955711,1200000.0,2.1859037378868537e-06,0.28323157196291504,3634.0483218431473,0.06323290610093035,917850.4,25.0
129,130.0,0.9584603755263129,5.85525403694291,1200000.0,2.314406733386126e-06,0.2548176821604926,1759.4403005987406,0.0833555157252599,1004509.6,25.0
130,131.0,1.029325393575298,5.767120929185381,1200000.0,2.2229480273373717e-06,0.2617678081051835,1693.888369947672,0.08736566123010658,1007467.6,25.0
131,132.0,1.0439476713180023,5.840900268399729,1200000.0,2.2892748144856596e-06,0.2559402485539053,2531.1288364827633,0.07269564461751271,1028500.0,25.0
132,133.0,1.0070685797363472,5.425664645907936,1200000.0,2.140613833767517e-06,0.28430638927335394,3441.5646750479937,0.07170461993037075,946546.4,25.0
133,134.0,0.8382022100318143,6.049597808788519,1200000.0,2.516640538518779e-06,0.23764154737826004,1501.4063154011965,0.0732416194008268,999232.8,25.0
134,135.0,1.0221589489347667,5.768836048720104,1200000.0,2.3247907012894644e-06,0.25902772682842823,2417.454255580902,0.06852893860988968,967578.8,25.0
135,136.0,0.9242472762034752,5.0657007271275205,1200000.0,1.9182547175555578e-06,0.30513167046399303,2222.7046394348145,0.0978462180137924,922556.0,25.0
136,137.0,0.9533677413934313,5.356557381642311,1200000.0,2.303183691413495e-06,0.2604939469278946,4002.9574680551887,0.054011537862787784,983477.2,25.0
137,138.0,0.8818137179764679,5.457038033168551,1200000.0,2.1551722933475735e-06,0.27714002671532967,2694.0137580558658,0.06819790490658934,917850.4,25.0
138,139.0,1.0304480423490294,5.209756877109534,1200000.0,2.1199204894205103e-06,0.2871291920296173,3447.260855689645,0.07588937637936882,946546.4,25.0
139,140.0,0.9136757799977328,5.554344612495711,1200000.0,2.2416264963706653e-06,0.26398810319483346,2887.277414254844,0.06811042097035963,975813.6,25.0
140,141.0,0.9404694021343342,5.237292801284298,1200000.0,2.129453764821751e-06,0.29953419371055645,2256.1156094521284,0.08292995251919172,827662.0,25.0
141,142.0,1.0985009140988276,5.836676431748458,1200000.0,2.404210644056247e-06,0.2606254767656111,1483.621514223516,0.09004050098543182,943588.4,25.0
142,143.0,0.935350187550832,5.229743631865915,1200000.0,2.1802998352840657e-06,0.27668749075236576,3269.610424593091,0.06864372664909896,951823.2,25.0
143,144.0,1.0238250816274646,5.771408536233814,1200000.0,2.2048494802259973e-06,0.2670054220384088,1778.8019686937332,0.08928032309998363,999232.8,25.0
144,145.0,0.8956159927934736,5.271522428221402,1200000.0,2.0686060066797346e-06,0.29242599892393173,2560.043675802648,0.0856350257538428,914892.4,25.0
145,146.0,0.9040313360472215,5.2496208048501956,1200000.0,2.2576554202123953e-06,0.29470790984502315,3510.5974645763636,0.059357412247950714,798966.0,25.0
146,147.0,1.0552134976747805,5.199590592618804,1200000.0,2.0887054958573152e-06,0.28166395639765796,2677.6213081106544,0.07914709249919716,954781.2,25.0
147,148.0,1.0244264701414907,5.756305612573172,1200000.0,2.2784313231750464e-06,0.25870577754539426,2891.180458664894,0.06655527355071322,1004509.6,25.0
148,149.0,0.9741344962065406,6.263047844124422,1200000.0,2.4764446212870007e-06,0.23372220997512727,1812.5346928983927,0.07262374124246107,1067817.6,25.0
149,150.0,1.0377463855692173,5.303401732795557,1200000.0,2.022272725857301e-06,0.283823944489626,2891.300052829087,0.08065915499652054,999232.8,25.0
150,151.0,0.925996167284009,5.659007396270603,1200000.0,2.271884926254059e-06,0.25748935292862996,3329.3901609629393,0.06233716542116552,1025542.0,25.0
151,152.0,0.8828750573199671,5.4228261165354255,1200000.0,2.3252799138358393e-06,0.26077240336392293,2648.2969690039754,0.0675833841656146,957739.2,25.0
152,153.0,0.9407326744015552,5.699380280793854,1200000.0,2.208705009869396e-06,0.2692831056199907,2133.1105693131685,0.08079690965554004,970536.8,25.0
153,154.0,1.0267962445242145,5.4505471159278045,1200000.0,2.076216983823038e-06,0.2651427927907335,1752.1360480338335,0.08186926600146882,1028500.0,25.0
154,155.0,1.0183062113479102,5.503465942188619,1200000.0,2.2712579563411825e-06,0.27846656693517247,3166.9886722937226,0.07580868161695248,933748.8,25.0
155,156.0,0.9942408540878259,5.135230411585198,1200000.0,2.1020184233380584e-06,0.3010607126287539,2190.4999002069235,0.08040492983914566,822956.4,25.0
156,157.0,0.9778455790870181,5.657704067276455,1200000.0,2.202888724539575e-06,0.27376226526725844,2594.1215237006545,0.07952495998130699,970536.8,25.0
157,158.0,1.0096938705334728,5.036966757635241,1200000.0,2.056816216241095e-06,0.3031293617684838,3423.6032871752977,0.07935774237910076,893860.0,25.0
158,159.0,1.0035159413259813,5.537350748592139,1200000.0,2.1627911900498744e-06,0.27016798440609335,2134.2964704930782,0.07950955474139326,978771.6,25.0
159,160.0,1.0435303994534648,5.329824040502487,1200000.0,2.074669511520999e-06,0.28269671846540234,2271.0153496935964,0.08738870841852409,978200.4,25.0
160,161.0,1.0379629653120226,5.776445760861193,1200000.0,2.2937288629175167e-06,0.24910704361224845,1693.4245061576366,0.08423489898906239,1043827.2,25.0
161,162.0,0.9500032025027549,5.455709678523199,1200000.0,2.1200665767741027e-06,0.29359454920386696,2073.3935564383864,0.09520482707851535,917279.2,25.0
162,163.0,1.0706587148712905,5.666928558600716,1200000.0,2.2249903510089346e-06,0.2724292295673578,2048.462921924889,0.09204209357822313,975242.4,25.0
163,164.0,0.9107958582979973,4.801313615404631,1200000.0,1.955898998136348e-06,0.3203826529982692,3122.9083010181785,0.08477135164587668,835896.8,25.0
164,165.0,1.057486077847567,5.051764059039208,1200000.0,1.9222133589241963e-06,0.303120852239104,2218.6615015789866,0.09121658445401148,917279.2,25.0
165,166.0,1.0692888704459338,5.333446600742441,1200000.0,2.0643971343256275e-06,0.2864176713943536,2609.8732696026564,0.08611998716992986,975242.4,25.0
166,167.0,1.1670959112768235,5.853279935911466,1200000.0,2.2917253721850358e-06,0.25322682709027333,2991.7876047044992,0.06255293438391885,1028500.0,25.0
167,168.0,0.953074256691529,5.568849762783017,1200000.0,2.3631302940717126e-06,0.26191328684687676,2669.961045578122,0.06708597190938559,935924.8,25.0
168,169.0,1.014809973809264,5.695409756808587,1200000.0,2.256383289511241e-06,0.24987621516542902,2802.4586891829967,0.07218223631464638,1088850.0,25.0
169,170.0,0.9781701739817494,5.06320897089919,1200000.0,1.9990432539814977e-06,0.3047707774044355,2582.686565577984,0.08748116652625237,880919.6,25.0
170,171.0,1.158567211238887,5.768336050449882,1200000.0,2.609581905240961e-06,0.24377247456138207,2799.1397062167525,0.057657165458340376,941269.6,25.0
171,172.0,0.9906221389374561,6.084430804464098,1200000.0,2.6584192931884947e-06,0.23769705923602658,2306.9088922291994,0.06612737277660846,975242.4,25.0
172,173.0,0.9856446874996696,5.580960275557011,1200000.0,2.2354473412308727e-06,0.275443664875489,1990.9562701880932,0.0905800195215043,949504.4,25.0
173,174.0,0.8774180868000612,5.930000191344462,1200000.0,2.2484498308678565e-06,0.26825381820241745,2200.099363029003,0.08122985559048629,980519.2,25.0
174,175.0,1.0127447659393107,5.291377324678827,1200000.0,2.024603591820493e-06,0.27882497284549856,3226.1191546842456,0.07265445238427087,1007467.6,25.0
175,176.0,1.0080285070845432,5.022505716370141,1200000.0,1.977345196101763e-06,0.314175161491022,2845.1322806999087,0.08024667199152524,835896.8,25.0
176,177.0,1.0243834766908273,5.198744211097434,1200000.0,2.122043415926918e-06,0.2930684302487734,3174.095176063478,0.07904680277451265,911934.4,25.0
177,178.0,1.0544500386887337,5.67451692814673,1200000.0,2.0544458527124132e-06,0.2873749854826144,2720.452014401555,0.08389073406748082,967578.8,25.0
178,179.0,1.0971173960620872,6.093125672135066,1200000.0,2.4970828464814383e-06,0.24209631670841247,2853.55919123441,0.06674082787301056,1036163.6,25.0
179,180.0,1.0661646812198262,5.348026822585723,1200000.0,2.0764680288259867e-06,0.28732004130892363,1768.4653934836388,0.09719859211807996,935924.8,25.0
180,181.0,0.9483949080508179,5.585881258541235,1200000.0,2.2404656822312804e-06,0.27513689635229355,2889.3446375653148,0.07786702676756674,951823.2,25.0
181,182.0,0.9117204678604325,5.25765839922731,1200000.0,2.3792037677582197e-06,0.283499638345198,3015.2793653160334,0.06288728417088607,811906.4,25.0
182,183.0,1.0570367933649927,5.846942376016472,1200000.0,2.499804799609887e-06,0.25249767404309864,2132.170635037124,0.07367510746199252,943588.4,25.0
183,184.0,1.0911025358391435,5.592353071319636,1200000.0,2.1824688272403833e-06,0.2725497563571295,2667.372202448547,0.084784846588768,1006896.4,25.0
184,185.0,0.9106239348943509,5.259969017756497,1200000.0,2.0826808444164674e-06,0.2962447511164612,2060.2589398398995,0.0914351818384001,893860.0,25.0
185,186.0,0.9887076276747947,6.038823359824761,1200000.0,2.6492838805939803e-06,0.23567314666507144,3056.74008076638,0.05939561646691305,1010425.6,25.0
186,187.0,1.0428284780391603,5.4139339329285505,1200000.0,2.1398350750622625e-06,0.2786062055291012,2229.1255113705993,0.08764047776126177,959486.8,25.0
187,188.0,1.13904108897569,5.112411781595895,1200000.0,2.0144373553243584e-06,0.3005465801543963,3536.6210311949253,0.07532221287038854,909615.6,25.0
188,189.0,0.925505797420588,5.843754574295922,1200000.0,2.382455852035385e-06,0.2735329636291439,1762.207486703992,0.08862735936062893,893860.0,25.0
189,190.0,0.9032588448535449,5.520655492627064,1200000.0,2.3543511390251016e-06,0.27929994867678687,2849.6557016298175,0.06825864847534124,851652.4,25.0
190,191.0,0.9182297697991676,5.219500214390067,1200000.0,2.0875587087601874e-06,0.3000240576693969,4153.302481859922,0.06837028175201532,888583.2,25.0
191,192.0,1.0275702135281735,5.602358515861042,1200000.0,2.45039799263818e-06,0.25725821960285344,2271.5462151020765,0.06962826115574827,914892.4,25.0
192,193.0,1.0352533770817216,5.627247224123401,1200000.0,2.2359617601462085e-06,0.2608565193846175,3036.8258575722575,0.06913943413196366,1010425.6,25.0
193,194.0,1.0232497411419261,5.2907621994355765,1200000.0,2.0841041184724114e-06,0.29385423995514515,2548.131808064878,0.08661066113748567,906657.6,25.0
194,195.0,0.9555815552708304,5.763561143610474,1200000.0,2.3247030496509333e-06,0.25731855539297754,2644.400560580194,0.0721513328796789,999232.8,25.0
195,196.0,1.002569822155581,5.671046554695458,1200000.0,2.1347422081437304e-06,0.26752266532431435,2461.9625194445252,0.08095875757106163,1025542.0,25.0
196,197.0,1.080151968888601,5.379888938578802,1200000.0,2.126237567161106e-06,0.2835631093078277,3154.123574733734,0.07188644339919625,938882.8,25.0
197,198.0,0.9442399013365939,5.543174408878301,1200000.0,2.2460345551312294e-06,0.27611163128583627,2997.8938969671726,0.07502811628165496,938311.6,25.0
198,199.0,0.983603438702548,5.815409575514295,1200000.0,2.2653655085069714e-06,0.26311485058774764,2330.645796455443,0.07741501868102263,999232.8,25.0
199,200.0,0.9386342936131189,5.312145657318432,1200000.0,2.1561436114761226e-06,0.26947026123576023,3496.79386100173,0.057213388445597646,975242.4,25.0
200,201.0,0.9937416168011062,4.719803076705482,1200000.0,1.8610225700964753e-06,0.3273207364695949,3308.3504944220185,0.08923182204832647,856929.2,25.0
201,202.0,1.0269520448762242,5.390298148193253,1200000.0,2.209982404901642e-06,0.28482694687318855,2861.119115360081,0.07832531272750903,906657.6,25.0
202,203.0,1.0434948182580943,5.806579896960919,1200000.0,2.4385859030351265e-06,0.2445757973363456,1528.6501748263836,0.0833880628328662,1007467.6,25.0
203,204.0,1.0125693488816667,5.269769376166501,1200000.0,2.2921850723447288e-06,0.2698692261732063,2290.9032681956887,0.07493691685981024,914892.4,25.0
204,205.0,0.9291656961872818,5.959747503773116,1200000.0,2.3782885071645324e-06,0.2662011329414824,1596.824255719781,0.09430569644233044,946546.4,25.0
205,206.0,1.0076472907275056,5.195473918024675,1200000.0,2.0969202140947043e-06,0.30606093947397994,2771.253892801702,0.0802308410248615,832938.8,25.0
206,207.0,0.9812167622944674,5.527830126547521,1200000.0,2.1767282581982875e-06,0.26411017665854075,2697.3344311267138,0.07433425879556804,1025542.0,25.0
207,208.0,1.057440605643603,5.66190799484631,1200000.0,2.5834568403339055e-06,0.25029091843410356,3327.850462026894,0.046063973776379885,888583.2,25.0
208,209.0,0.967680373867387,5.056476893030336,1200000.0,1.9108868387816984e-06,0.31671267047617846,4387.874444432557,0.07580050622740708,909615.6,25.0
209,210.0,1.0301337251488987,5.404746526266166,1200000.0,2.113264975715162e-06,0.28731361851001935,2456.67043428123,0.08855554432860185,951823.2,25.0
210,211.0,0.9512530714188259,5.457755260877654,1200000.0,2.144441870589684e-06,0.274243184156326,2178.6065287962556,0.08082323959433696,954781.2,25.0
211,212.0,0.9633878394089612,5.194209540070879,1200000.0,2.1268512366161814e-06,0.2907810227933538,2068.2247574329376,0.08207359725739655,864592.8,25.0
212,213.0,0.9898650955064302,5.85397369735783,1200000.0,2.300751463950834e-06,0.26240908061298995,1659.8938414305449,0.08492532908076861,970536.8,25.0
213,214.0,0.9530979762601016,5.190266299487604,1200000.0,1.9985028884476983e-06,0.30299521624312575,2439.047878265381,0.09138881047912217,906657.6,25.0
214,215.0,0.9602545461366075,5.890352339918174,1200000.0,2.3255253859287073e-06,0.2679386841032638,1602.9313796162605,0.09014008968646853,946546.4,25.0
215,216.0,1.0231765739151475,5.750412395580739,1200000.0,2.3018212751252015e-06,0.262145487511134,3061.2767960354686,0.0714935882625134,1004509.6,25.0
216,217.0,0.8898320694744363,5.855914146099472,1200000.0,2.2600434923169006e-06,0.2657497261074866,2463.995877251029,0.07985951799306928,999232.8,25.0
217,218.0,0.9274952504328425,5.4538102575719805,1200000.0,2.366432097005546e-06,0.2826752705839297,2560.789360664785,0.07374439241157282,832938.8,25.0
218,219.0,1.020187718089919,5.37802386019893,1200000.0,2.324014559081161e-06,0.2858585494930139,2677.3298603221774,0.07727431914862437,851652.4,25.0
219,220.0,0.8765782055206782,6.042197279201133,1200000.0,2.449876879833037e-06,0.23713816163166257,2065.3715517893434,0.06231125181673369,1015131.2,25.0
220,221.0,1.015531225628794,5.254453131428946,1200000.0,2.016701196025528e-06,0.2851283452260063,2265.5861400663853,0.085839194314832,962444.8,25.0
221,222.0,1.0490308597300042,6.003557866292844,1200000.0,2.37172205754566e-06,0.23904765748402923,3312.8224178254604,0.05839490151469823,1085892.0,25.0
222,223.0,1.0990914929710152,5.8142088649508,1200000.0,2.1639052185676516e-06,0.26334595742149247,2179.631288573146,0.08689483644064061,1063112.0,25.0
223,224.0,0.9585351321498232,5.677835946330148,1200000.0,2.330871136216114e-06,0.2624002185388363,2197.1632661148906,0.07531832501847957,946546.4,25.0
224,225.0,1.0012317308672964,5.385317406868339,1200000.0,2.134247290642584e-06,0.2949047107132685,3035.916618593037,0.07934311357646062,890902.0,25.0
225,226.0,0.9902167498581734,5.087742600549646,1200000.0,1.982515311267584e-06,0.28970060654623353,1855.3589873835444,0.089290486185156,922556.0,25.0
226,227.0,0.9465473784453343,5.268458144846747,1200000.0,2.2808092996955964e-06,0.29259225208843276,2961.7889789938927,0.08137875334367273,853971.2,25.0
227,228.0,1.0185498682670788,6.049613200402831,1200000.0,2.6031876274183445e-06,0.24503657563148806,2834.0806364566088,0.05671802538673398,938311.6,25.0
228,229.0,0.9848517307663955,5.1330534382727535,1200000.0,2.0491522226056145e-06,0.2898286805027581,2208.802309818566,0.08209707844737474,914892.4,25.0
229,230.0,1.0001303609675076,5.327958678721863,1200000.0,2.2757512322804784e-06,0.2664261393040377,1716.1026685982943,0.08529305910087032,927832.8,25.0
230,231.0,0.9671969674771641,5.3033383403654,1200000.0,2.238572974987485e-06,0.2687228512264781,2461.0998113378882,0.07869563150498615,967578.8,25.0
231,232.0,1.0203327409765064,5.3473483277153875,1200000.0,2.1311861539276917e-06,0.25831917712119434,1576.2395241335034,0.08136168386706877,1028500.0,25.0
232,233.0,1.0042440726700514,5.767700915754311,1200000.0,2.250199701561142e-06,0.2567446497893826,2336.598725825548,0.07606225648986664,1027928.8,25.0
233,234.0,1.0638773178174692,5.995630357577809,1200000.0,2.4329844008709307e-06,0.2482661534856021,2378.256373986602,0.0693318887006601,996274.8,25.0
234,235.0,0.90587485575417,5.310311506979133,1200000.0,2.3331860783608425e-06,0.2727500781552692,1833.3108690455556,0.07359045158383876,856929.2,25.0
235,236.0,1.0052511869633471,5.659777089706417,1200000.0,2.35081077690576e-06,0.254840086964343,2607.5579734295607,0.06689139335821548,978200.4,25.0
236,237.0,1.0694261020412255,5.630013002053147,1200000.0,2.25791617076164e-06,0.260580693105922,2447.6787534207106,0.07599713101806194,1007467.6,25.0
237,238.0,0.9365466215273711,5.466703056390202,1200000.0,2.2160739134991484e-06,0.2875765598438562,2467.029262267053,0.07943357239341314,864592.8,25.0
238,239.0,1.1204008006244395,5.920566074538087,1200000.0,2.4039433314886107e-06,0.23234549651609626,2890.135925680399,0.055712068070945864,1091808.0,25.0
239,240.0,1.006245600954718,5.250849613494964,1200000.0,2.1861543057995314e-06,0.29594483088107637,3084.7458201795816,0.07680532118578448,851652.4,25.0
240,241.0,1.076552181693016,5.34008038156405,1200000.0,1.9872453743586217e-06,0.28059202693329865,3340.136674501002,0.07420852988551518,1036163.6,25.0
241,242.0,1.0630893045510308,5.578989401294777,1200000.0,2.212194726639366e-06,0.27366955833704054,3948.284187525511,0.06656818812115994,980519.2,25.0
242,243.0,0.993429311283596,5.436364462062528,1200000.0,2.377492371117071e-06,0.2644578538624174,2790.7357888519764,0.06023728441656784,893860.0,25.0
243,244.0,0.9597772093144397,5.34883370810082,1200000.0,2.2693812420726553e-06,0.26958713132101053,2142.4106441661716,0.08274598274809691,941840.8,25.0
244,245.0,1.0749100195590724,5.7366665116194255,1200000.0,2.3589274585221796e-06,0.24813921449363363,2783.975833147764,0.06843724878408203,1039121.6,25.0
245,246.0,0.9486383355081847,5.7780336507231524,1200000.0,2.4564249288185503e-06,0.2464413469519755,2028.778944030404,0.06851765810331456,967578.8,25.0
246,247.0,0.9941195203894587,5.6176459497736175,1200000.0,2.170705675708658e-06,0.2597444485192142,3140.7994357421994,0.06848584467252128,1057196.0,25.0
247,248.0,1.0152397460236948,5.268769673012677,1200000.0,2.240068470402937e-06,0.2757795042618909,2367.3764854595065,0.07179042147842968,888583.2,25.0
248,249.0,1.0236977990779546,5.662766595012343,1200000.0,2.249637019039621e-06,0.26117865345481306,1357.1268241778016,0.0952439559351469,996274.8,25.0
249,250.0,1.0317099553233193,6.140625172433069,1200000.0,2.6077581015938e-06,0.23832262650713432,3416.8771103918552,0.05653049249743597,1015131.2,25.0
250,251.0,1.1051312575433705,5.615325003289044,1200000.0,2.244477252749887e-06,0.2530165005754128,2215.776317998767,0.07178929439707599,1033205.6,25.0
251,252.0,1.0027056399371355,5.621898732466612,1200000.0,2.2256195322924716e-06,0.25725105182965535,2077.635634802282,0.07648527170220748,1012173.2,25.0
252,253.0,0.9478770607057638,5.25422579677506,1200000.0,2.005999955500393e-06,0.3109889298841111,2076.417866282165,0.09143991551938774,835896.8,25.0
253,254.0,0.9986889460897922,5.7450578678712105,1200000.0,2.489085602258425e-06,0.24720633761344857,3746.6757387816906,0.04979930116104708,969897.6,25.0
254,255.0,1.0795067324411838,5.609435817664156,1200000.0,2.319489138110579e-06,0.2586739262131985,2498.6963557749987,0.07121511658676583,978771.6,25.0
255,256.0,0.9372487136018876,5.953492676703348,1200000.0,2.395209943162579e-06,0.2460205853497044,1832.696889154613,0.07284378278421844,1002190.8,25.0
256,257.0,0.9053654079647625,5.151663893917792,1200000.0,2.251739659786852e-06,0.3014902648282458,4437.380146071315,0.0671976964372627,822956.4,25.0
257,258.0,1.0326080773742023,5.779624178880248,1200000.0,2.4760784531863383e-06,0.24969227152870133,2498.584295786917,0.0708697117249189,978200.4,25.0
258,259.0,1.0004876437331363,5.55984389450947,1200000.0,2.1059402510315554e-06,0.2845475172595613,2823.477199845016,0.0838199183950149,972855.6,25.0
259,260.0,1.0908296795259005,5.587611709567945,1200000.0,2.1885441395741854e-06,0.27142821250179594,2742.7180869728327,0.07455029950272224,975242.4,25.0
260,261.0,1.0251613864857525,5.043337254605881,1200000.0,2.0046905614951564e-06,0.304176092132586,1659.7164714187384,0.10201041678726269,875003.6,25.0
261,262.0,0.8328983562702437,5.416187090799994,1200000.0,2.1666840647793895e-06,0.30091672416826043,2658.399389028549,0.0810933760592768,827662.0,25.0
262,263.0,1.0592494941129946,5.239000765450832,1200000.0,2.020266901524466e-06,0.28632169586474276,1710.670023098588,0.09392781878736267,943588.4,25.0
263,264.0,1.0484066551227638,5.519878747092861,1200000.0,2.1152870216288044e-06,0.27813595402091096,2852.3177977204323,0.07385979700824835,972855.6,25.0
264,265.0,0.937111732030935,5.338998551600767,1200000.0,2.028280975808668e-06,0.2835660615758755,2254.7306403443217,0.09181646950406386,1002190.8,25.0
265,266.0,0.9512856188718826,4.998475249153955,1200000.0,1.9879337365739542e-06,0.29771436483095215,1932.1667274907231,0.09658147257070077,914892.4,25.0
266,267.0,0.9926171837430159,5.151969606993404,1200000.0,2.15214531756455e-06,0.29623916125024863,2857.1097338944674,0.07681590581589692,851652.4,25.0
267,268.0,1.0729527271515813,5.800047632211218,1200000.0,2.2843271837199707e-06,0.2516299633252359,2169.338474303484,0.07294229526583723,1036163.6,25.0
268,269.0,0.8554994510006295,5.327461044999389,1200000.0,2.205299714226375e-06,0.27058470342205254,2271.7905277833343,0.07497877613289972,946546.4,25.0
269,270.0,1.0323084338815087,5.589009056612738,1200000.0,2.36800278944538e-06,0.2719540572756429,3068.0943909958005,0.0714146825171243,912573.6,25.0
270,271.0,1.1179788671474908,5.471519506503832,1200000.0,2.1936156883473485e-06,0.27308816281839654,3097.128912732005,0.07508758540525418,978771.6,25.0
271,272.0,0.9630695220930017,5.1495488679098145,1200000.0,1.9761315338418046e-06,0.3204034535193756,2478.833364598453,0.0906119008574956,819998.4,25.0
272,273.0,0.9693918101425604,5.408665672772642,1200000.0,2.2170608976083834e-06,0.2778844323386167,2281.0229346975684,0.08523469472773026,935924.8,25.0
273,274.0,0.9862273680017642,5.086981781246429,1200000.0,2.0491924180638638e-06,0.30532284517160235,4653.784456707537,0.06749249082941405,880919.6,25.0
274,275.0,1.0140526747069145,5.713587736856709,1200000.0,2.1645968940161355e-06,0.2627834582627173,2498.985733307898,0.0775822263490546,1036163.6,25.0
275,276.0,0.8726267907142575,5.423980280897112,1200000.0,2.147622214431222e-06,0.2875939196097619,2437.546186827123,0.0792528787125314,893860.0,25.0
276,277.0,1.068915058721407,5.163234720054611,1200000.0,1.985743980733691e-06,0.30000107795240893,1972.2312496379018,0.09085370645485014,893860.0,25.0
277,278.0,0.8946374590577099,5.12354012521093,1200000.0,2.0962150875432096e-06,0.3050756513189157,1438.7162611484528,0.1021471671278697,819998.4,25.0
278,279.0,1.0587558261525853,5.565026871824472,1200000.0,2.302428807307458e-06,0.27616497427126774,3247.0537827834487,0.07021780857595922,912573.6,25.0
279,280.0,1.0168751400003126,6.013313500367467,1200000.0,2.488515470174046e-06,0.2268323700711079,2898.73057898134,0.05313428331587927,1091808.0,25.0
280,281.0,1.023170590507796,5.680155846009633,1200000.0,2.2336286511823975e-06,0.27164209537863826,2552.835453554988,0.0752704612589985,946546.4,25.0
281,282.0,0.9576953338087111,5.191509380654587,1200000.0,2.041504908787275e-06,0.2973088291719179,2043.7722593545914,0.0890995514901275,893860.0,25.0
282,283.0,0.9457964469959493,5.54509588216137,1200000.0,2.359957318821494e-06,0.2727715382575582,1786.71568428725,0.08442009169391285,877961.6,25.0
283,284.0,0.9546442891460734,5.267686240532363,1200000.0,2.1795672564343035e-06,0.2905078274236743,2783.3548661991954,0.07442813570846613,856929.2,25.0
284,285.0,0.9450139592835086,5.163582385402073,1200000.0,1.951539731065873e-06,0.29911344577072185,3120.4075682908297,0.08060428009075771,946546.4,25.0
285,286.0,1.0487060076499883,5.474226572098274,1200000.0,2.246503404463485e-06,0.27364985938236686,3420.1323381066322,0.06882471260352302,949504.4,25.0
286,287.0,0.990660125669652,5.9178340220814505,1200000.0,2.2130334957153776e-06,0.26295259386363057,2025.9377856478095,0.08566608046057372,1031458.0,25.0
287,288.0,1.0019538268592656,6.1147033833455495,1200000.0,2.498738593493097e-06,0.23872067263035746,2284.7510477676988,0.06786106921432311,1028500.0,25.0
288,289.0,1.0320321923218707,5.309063820695201,1200000.0,2.3413722150719053e-06,0.2681982406452832,3862.9086809158325,0.054988536488582984,909615.6,25.0
289,290.0,0.9130173845505689,5.864265405667773,1200000.0,2.269738245269666e-06,0.25431499414877123,1766.252216309309,0.07697616501957011,1004509.6,25.0
290,291.0,0.9961571712631518,5.734919580847631,1200000.0,2.4115028577118382e-06,0.2389647125865224,2999.5937764644623,0.05797201203184249,1060154.0,25.0
291,292.0,0.9616570140822085,5.31910839613878,1200000.0,2.1268181727475896e-06,0.30914074886680964,2923.6606239527464,0.08520580883686185,832938.8,25.0
292,293.0,0.9148766573569189,5.864907162699339,1200000.0,2.467864734003365e-06,0.24497333516099218,2792.928861312568,0.0677965906320343,1007467.6,25.0
293,294.0,0.8634842536128418,5.656981851337598,1200000.0,2.087446276428188e-06,0.2815622704484966,2154.160948418081,0.08672748973797362,972855.6,25.0
294,295.0,1.0306823610119584,5.238916362012802,1200000.0,2.041458431442868e-06,0.2950530557729394,2031.6012698411942,0.08857661533597228,888583.2,25.0
295,296.0,0.9761469836089932,5.381477715742541,1200000.0,2.226949710056286e-06,0.2789071648687411,1837.0128081291914,0.07976722378505763,880919.6,25.0
296,297.0,1.0023032753407495,5.6752186818241555,1200000.0,2.1866996609864713e-06,0.2623350543161109,1729.2507107406855,0.0840144126688469,1012173.2,25.0
297,298.0,1.042777508409085,5.496143705225116,1200000.0,2.211737492612318e-06,0.2689926845502555,4179.934096120298,0.06114218837116231,1002190.8,25.0
298,299.0,1.0404282318838418,5.210607943162124,1200000.0,2.0269222819636743e-06,0.2988238034222448,2733.7365847826004,0.08652693691901397,917850.4,25.0
299,300.0,1.0151239237324388,6.1730581502125474,1200000.0,2.610976568968721e-06,0.2372703507044065,2354.557878382504,0.0625400397320039,986435.2,25.0
