,Resample,RMSLE,beta,d_I,p,c,d_T,r,k_T,K,U_0,I_0,V_0,T_0
0,1.0,1.1112182988280115,5.8298948128518517e-05,4.43984083699846e-07,1.0,15.304901699965093,0.025192552888197106,0.2435410240740552,10.000002190470695,2.0741380966722345e-07,1000000.0,0.0,25.0,378465.3333333333
1,2.0,1.0543055852715435,5.187732929451305e-05,4.568554774866238e-07,1.0,14.023130331826849,0.00010000051107084129,0.21501814071320524,10.000016920268536,1.7049064505485824e-07,1000000.0,0.0,25.0,436945.3333333333
2,3.0,1.164143679654102,4.569060097732652e-05,4.284334418542976e-07,1.0,12.957391278251933,0.02801247822919878,0.2769644908096893,10.000007718801498,1.4538201546218437e-07,1000000.0,0.0,25.0,337982.6666666667
3,4.0,1.1714099982648571,5.845841039883606e-05,4.3080920922297975e-07,1.0,15.79559276345843,0.00010026267219503948,0.2155237284561835,10.000101834535599,1.7614782294259344e-07,1000000.0,0.0,25.0,436945.3333333333
4,5.0,1.0828380394868595,4.375244058872039e-05,4.060882509580372e-07,1.0,10.892355943527939,0.00010000039581781195,0.17294675084298916,31.259400837123394,1.807644252670382e-07,1000000.0,0.0,25.0,715836.0
5,6.0,1.0429467309996194,5.460521073046244e-05,4.251350889827689e-07,1.0,13.979685642163602,0.018969665877278885,0.23853894563287525,18.299442037940025,1.2998238778761208e-07,1000000.0,0.0,25.0,436945.3333333333
6,7.0,1.0918200327885041,4.256745751197872e-05,4.976719640549342e-07,1.0,11.694913189650372,0.0001000026779192087,0.18425586667758864,54.75058735907078,5.7269085426456365e-08,1000000.0,0.0,25.0,616873.3333333334
7,8.0,1.0777793467859167,4.526839610397641e-05,3.852778374359165e-07,1.0,12.698408077447581,0.07938470860544539,0.3255948538019169,10.000003062188625,1.1889695298684738e-07,1000000.0,0.0,25.0,337982.6666666667
8,9.0,1.0858062505711599,6.530364724770404e-05,4.75154816940468e-07,1.0,18.008349269639066,0.00010993279196697125,0.2010250201883821,10.00261651724577,1.9411567192434182e-07,1000000.0,0.0,25.0,436945.3333333333
9,10.0,1.0357472379915051,4.069471793359447e-05,4.56325546586037e-07,1.0,10.481097370730168,0.00010092674877087981,0.19427535015023523,10.000811509788036,2.0721668138376623e-07,1000000.0,0.0,25.0,517910.6666666667
10,11.0,1.1662971453575364,5.305969238794522e-05,3.6038001845276464e-07,1.0,13.752712044728263,0.07143249749902314,0.3171618233121478,10.000001139938831,1.4769198194042077e-07,1000000.0,0.0,25.0,337982.6666666667
11,12.0,1.0939639013939897,4.8337785740122253e-05,3.7093189204494037e-07,1.0,12.155394265459009,0.00010045943535513802,0.19913706147253407,19.356801211833954,1.6682938442082683e-07,1000000.0,0.0,25.0,616873.3333333334
12,13.0,1.1482064303906308,4.895581948898638e-05,3.9523551535554146e-07,1.0,12.844395325679535,0.00010000887995925689,0.2463820990616199,74.53705259412527,9.402340127247265e-08,1000000.0,0.0,25.0,477428.0
13,14.0,1.0434773697233852,3.0701489854711817e-05,5.249317979361297e-07,1.0,7.258713704258383,0.00010016460288009288,0.18836885731716535,10.001516737043858,3.943531621585918e-07,1000000.0,0.0,25.0,477428.0
14,15.0,1.1240164869539135,7.392843612658258e-05,3.820355717274051e-07,1.0,20.824538146891513,0.029345641103912523,0.2626481954773894,10.000003650784492,1.6207766627156277e-07,1000000.0,0.0,25.0,378465.3333333333
15,16.0,1.0851981542526141,1.5499330189008027e-05,3.7991245253336163e-06,1.0,1.4273785985479464,0.00010000166816404032,0.242116552873604,81.51560674607754,2.365815452019503e-07,1000000.0,0.0,25.0,436945.3333333333
16,17.0,1.0843592595085612,3.491005805332571e-05,4.412008222345518e-07,1.0,8.751377522619386,0.08138607580490337,0.3321207981261125,10.000005140900612,1.240908730028897e-07,1000000.0,0.0,25.0,297500.0
17,18.0,1.1065378569434063,3.8016507777604784e-05,3.762383868016769e-07,1.0,9.633721756481336,0.040818630765530384,0.27406220391622327,15.115614175796509,1.2434952164351484e-07,1000000.0,0.0,25.0,436945.3333333333
18,19.0,1.1210427857746668,3.424582535478976e-05,5.389759294625423e-07,1.0,9.094490906579352,0.00010000872462956334,0.1720259511212916,10.000048980116844,1.7792602441323263e-07,1000000.0,0.0,25.0,576390.6666666666
19,20.0,1.140379675904503,4.070914744862502e-05,5.251960982238468e-07,1.0,10.666045543737859,0.00010374083219305552,0.186528333389667,10.162333950400352,7.778401550376316e-08,1000000.0,0.0,25.0,517910.6666666667
20,21.0,1.0201111442257749,6.353419264755767e-05,4.024583049435298e-07,1.0,15.622693594501143,0.00010031264876464441,0.20946835416856402,10.000274300575256,1.7847617525058087e-07,1000000.0,0.0,25.0,477428.0
21,22.0,1.0284439738294178,3.414196254754191e-05,4.499488147578903e-07,1.0,8.040545254625435,0.004001687839443047,0.2111018315851041,15.754444241523743,1.6116393093994956e-07,1000000.0,0.0,25.0,517910.6666666667
22,23.0,1.1897684208820838,3.792763054178389e-05,4.754509932209565e-07,1.0,9.643340258057528,0.00010000271355947721,0.1927154867959544,10.000001661479473,1.595100241836493e-07,1000000.0,0.0,25.0,517910.6666666667
23,24.0,1.068482043167446,3.588589244266359e-05,4.919018658600677e-07,1.0,8.42812962008486,0.00010000030286078099,0.18906043101434733,41.38196928054094,1.2286575305820206e-07,1000000.0,0.0,25.0,576390.6666666666
24,25.0,1.1127673804085516,4.9250057595061476e-05,4.6535836216701136e-07,1.0,13.942943485445518,0.0001000204344297484,0.19063435090185266,62.05719716846943,1.0046962510254812e-07,1000000.0,0.0,25.0,616873.3333333334
25,26.0,1.151499579062977,5.187271514176483e-05,4.5232538402827614e-07,1.0,13.680841073369145,0.014571671308353018,0.21124134496528768,10.000027507543564,1.6519166745507615e-07,1000000.0,0.0,25.0,477428.0
26,27.0,1.128333358250128,4.539512433025904e-05,4.6310876781465934e-07,1.0,11.873171963312707,0.00010004089673143479,0.2140017892233459,10.000007174909115,1.958239445041171e-07,1000000.0,0.0,25.0,436945.3333333333
27,28.0,0.9461565557146201,6.431418247965166e-05,3.5046937073772666e-07,1.0,16.93075360873017,0.0546017380863838,0.3021650649690386,10.000013716518879,1.7710784110739735e-07,1000000.0,0.0,25.0,337982.6666666667
28,29.0,1.0887902060935328,3.492877217017226e-05,5.362261425691581e-07,1.0,8.777091585978546,0.00010000017284700347,0.1873029382774405,136.01223919540644,4.758159283179092e-10,1000000.0,0.0,25.0,616873.3333333334
29,30.0,1.2014375411058176,2.5698962154560618e-05,4.6370469932794967e-07,1.0,2.527486117786708,0.00010001006459336992,0.1935675906514689,108.55537114292383,1.438638341958545e-06,1000000.0,0.0,25.0,616873.3333333334
30,31.0,1.0287579201902302,5.07369057135712e-05,4.619942229398038e-07,1.0,14.25149793106793,0.03129241925467863,0.24958630266375792,10.00001272559166,1.6607011460923246e-07,1000000.0,0.0,25.0,378465.3333333333
31,32.0,1.0257819059866478,2.3483422282667315e-05,5.31309524412725e-07,1.0,2.9250299866593963,0.00010002229958594455,0.1949666701728816,10.00008037686348,1.4545615748852097e-06,1000000.0,0.0,25.0,436945.3333333333
32,33.0,1.1771737513269298,4.899580021284337e-05,4.3509614160114156e-07,1.0,12.687558923388451,0.00010000183270236773,0.1998891781176937,59.309431947767735,9.253893759847247e-08,1000000.0,0.0,25.0,576390.6666666666
33,34.0,1.119387928655592,4.863608408225979e-05,4.5070141147697263e-07,1.0,12.655720570755136,0.00010083144051242776,0.219223955723578,10.000022426247597,1.4876693982660737e-07,1000000.0,0.0,25.0,436945.3333333333
34,35.0,1.053376124779564,4.5625877860723314e-05,4.084589763889387e-07,1.0,11.258570659866542,0.00010000057519793382,0.22351884858858995,14.274369321763515,1.303991325127195e-07,1000000.0,0.0,25.0,477428.0
35,36.0,1.0339029511456574,5.525391476251825e-05,4.129192527655372e-07,1.0,15.552528435858513,0.05348659522354565,0.27279740602187275,10.000005513429642,1.8284939900967769e-07,1000000.0,0.0,25.0,378465.3333333333
36,37.0,1.2241599325045154,1.9437944067439692e-05,5.152305611168073e-06,1.0,1.3502879934826808,0.00010000177212249328,0.1810684427816014,10.000000558793545,3.534802844022705e-07,1000000.0,0.0,25.0,477428.0
37,38.0,1.1246863394826323,5.069234448919489e-05,4.102417440681342e-07,1.0,12.8993594691662,0.03963052669137063,0.26904428133020986,10.000005081295967,1.426502348374361e-07,1000000.0,0.0,25.0,378465.3333333333
38,39.0,1.1078239230382503,3.122223403725756e-05,5.613009129805109e-07,1.0,6.7112681251068125,0.00010006755330049799,0.13540309442858955,10.000772014260292,2.1178075157201785e-07,1000000.0,0.0,25.0,715836.0
39,40.0,1.1292699810237443,4.44737669832198e-05,4.320741519360955e-07,1.0,12.662296895559038,0.00010000871637094733,0.21887927559572518,33.49050024151802,1.3750406314516872e-07,1000000.0,0.0,25.0,517910.6666666667
40,41.0,1.0259947958460436,4.0863707880728486e-05,4.4365585610528074e-07,1.0,9.790297486119208,0.00010000345720501125,0.23697110648590325,82.78318477421999,8.293908290290131e-08,1000000.0,0.0,25.0,477428.0
41,42.0,1.046276998991293,4.982867476068278e-05,4.3511396302374256e-07,1.0,13.352304936349626,0.00011498833815293263,0.20215246192229586,19.536267511546612,1.891548994156829e-07,1000000.0,0.0,25.0,517910.6666666667
42,43.0,1.0715907495667736,4.941847456927718e-05,4.4043214564065176e-07,1.0,12.502859505475818,0.00045950408355305283,0.21610154613230037,10.000000447034836,1.8441650233520844e-07,1000000.0,0.0,25.0,436945.3333333333
43,44.0,1.0033909295976613,4.166678463306357e-05,4.860744057839854e-07,1.0,10.64677430768839,0.014004203878375976,0.2232951174442519,13.137185245752335,1.592336864338e-07,1000000.0,0.0,25.0,436945.3333333333
44,45.0,1.0619630316802577,5.135343576839436e-05,4.162133683440882e-07,1.0,12.586685877151282,0.00010000340773624883,0.21395078111832788,28.966819681227207,1.347635429137936e-07,1000000.0,0.0,25.0,517910.6666666667
45,46.0,1.1417116718757006,4.447299201643908e-05,4.7016643365423285e-07,1.0,11.593493294231749,0.05865991208895688,0.28194200268377045,10.000037677586079,1.8091391400183097e-07,1000000.0,0.0,25.0,337982.6666666667
46,47.0,1.099604452444322,6.360368442753374e-05,3.7847613276008595e-07,1.0,17.860194480390746,0.05357448835340922,0.29662196151800657,10.002238474786282,1.6329944784419792e-07,1000000.0,0.0,25.0,337982.6666666667
47,48.0,1.0773062220606378,5.367761419103962e-05,4.534787011029108e-07,1.0,13.807971374890585,0.030586867540957574,0.2640804100467662,10.000000387430191,1.7058178371473e-07,1000000.0,0.0,25.0,337982.6666666667
48,49.0,0.9880622512856355,5.4262158911210515e-05,3.822041361321491e-07,1.0,14.745399262301483,0.00010000405585319783,0.22604532619529039,36.8600687533617,1.2836063413981596e-07,1000000.0,0.0,25.0,517910.6666666667
49,50.0,1.0832730220732592,5.0713859721852195e-05,4.343371186403929e-07,1.0,13.50443279322863,0.00010001168659645732,0.19587101190463585,39.185501143336296,1.6236675177202787e-07,1000000.0,0.0,25.0,576390.6666666666
50,51.0,1.1401730697517987,2.203037933485019e-05,5.773309111800271e-07,1.0,2.5115286751971055,0.00010001036416429354,0.1821434846631007,75.22459438443184,1.281977372938899e-06,1000000.0,0.0,25.0,616873.3333333334
51,52.0,1.1004535694181352,2.299716418040571e-05,3.8956015663113477e-07,1.0,3.1695700830029168,0.03474096486859418,0.2666473457846905,10.000007167458534,1.6050649522454414e-06,1000000.0,0.0,25.0,337982.6666666667
52,53.0,1.117661913525961,4.563630782328018e-05,5.282868929619211e-07,1.0,12.090624582663452,0.00010002896484473389,0.1970291570916629,10.000030495226383,1.8976312444820317e-07,1000000.0,0.0,25.0,436945.3333333333
53,54.0,1.18227589929075,2.1032242889326017e-05,7.629105675938843e-06,1.0,1.2506041815593463,0.027085648375325955,0.23991305353342796,10.000000014901161,2.6368352049336625e-07,1000000.0,0.0,25.0,378465.3333333333
54,55.0,1.2380351460539623,1.9698133969426603e-05,4.757288881500551e-06,1.0,1.3344398621543405,0.00010000031614465499,0.1670284300189735,10.000000044703484,4.0094571102614214e-07,1000000.0,0.0,25.0,517910.6666666667
55,56.0,1.1580843805025103,1.3986208843159344e-05,2.7644792052263994e-06,1.0,1.7646536087623517,0.04301047999863944,0.24463875445673722,10.00029581040144,2.0554473355797993e-07,1000000.0,0.0,25.0,436945.3333333333
56,57.0,1.0957206514670972,5.376789559260067e-05,4.440815213363372e-07,1.0,15.126427394061686,0.0001015681578880323,0.24718577888663873,10.003046564757824,1.8979342886795694e-07,1000000.0,0.0,25.0,337982.6666666667
57,58.0,1.1499886699855424,4.803557742919043e-05,5.085056592393094e-07,1.0,13.153505045570881,0.00010000074137006543,0.20324114161213203,24.171210877597332,9.042852558573095e-08,1000000.0,0.0,25.0,477428.0
58,59.0,1.196570112081999,4.858250450264267e-05,4.4245511414682894e-07,1.0,14.11414535305579,0.0001004051248340021,0.18544795083862198,24.39066358655691,1.2258692649171163e-07,1000000.0,0.0,25.0,616873.3333333334
59,60.0,1.0334815918426405,4.851021687739657e-05,4.2877625470595757e-07,1.0,11.532615413166873,0.00010000100944868029,0.19119593237659416,32.84086865931749,1.9211924940938635e-07,1000000.0,0.0,25.0,576390.6666666666
60,61.0,1.1388248434085162,4.177562100303087e-05,4.216721575370217e-07,1.0,10.662548486717988,0.00010000019336575683,0.1772106316779869,63.43454985320568,1.3922495781885225e-07,1000000.0,0.0,25.0,715836.0
61,62.0,1.1719523939020793,5.515677401300879e-05,4.526954968395245e-07,1.0,15.20569433218202,0.00010002112250084849,0.21554641909720118,10.00001822412014,1.8375595718621431e-07,1000000.0,0.0,25.0,418948.0
62,63.0,1.0775731949466474,4.123854651161299e-05,4.716741198676369e-07,1.0,10.640186354989453,0.00010001430445188975,0.18899850080448033,22.743037097156048,1.287124268804519e-07,1000000.0,0.0,25.0,576390.6666666666
63,64.0,1.1424677642315733,3.61933280572301e-05,5.268932379588946e-07,1.0,9.042394336431322,0.00010076995301544489,0.20096282430454693,10.001364767551422,5.639623862894495e-08,1000000.0,0.0,25.0,477428.0
64,65.0,1.069537191165358,4.262715764017168e-05,3.642541017242592e-07,1.0,12.169478915426026,0.08301822886572663,0.3365386885897905,10.000000357627869,1.1860157897858862e-07,1000000.0,0.0,25.0,337982.6666666667
65,66.0,1.0063736292860237,4.140336978105332e-05,4.6279546426919183e-07,1.0,10.56849792800518,0.00010000484986577574,0.19889516009251196,17.988520316779613,1.929981641556942e-07,1000000.0,0.0,25.0,517910.6666666667
66,67.0,1.0217275209418464,6.34933227357865e-05,3.929575355652413e-07,1.0,16.677128402605497,0.028391035370598228,0.23171663650033736,12.040117181837559,1.775697747227525e-07,1000000.0,0.0,25.0,477428.0
67,68.0,1.1014157369789588,4.0416767354267355e-05,5.124471309953942e-07,1.0,10.229811714609873,0.00010001545762394759,0.19695835990857802,10.000002399086952,1.2494350645187547e-07,1000000.0,0.0,25.0,477428.0
68,69.0,1.031827096194829,4.665148289110859e-05,4.571989457652836e-07,1.0,12.138829361937617,0.00010039034042436112,0.22178858730594442,10.00019308179617,1.978446597856556e-07,1000000.0,0.0,25.0,418948.0
69,70.0,1.0976527595125565,5.098790026400975e-05,4.268530295556213e-07,1.0,14.245261551609467,0.00010000179086794292,0.22649081882390476,39.02057898044586,1.3431608161025582e-07,1000000.0,0.0,25.0,477428.0
70,71.0,1.0971080531051134,5.1876764451839486e-05,4.58888632239016e-07,1.0,14.024469095746447,0.01587073075637979,0.2084108298399272,10.000089354813099,1.9301152903218756e-07,1000000.0,0.0,25.0,477428.0
71,72.0,1.078248983398077,3.8618344756616784e-05,4.0656698121369035e-07,1.0,11.084048957913225,0.00010067959615628341,0.25660294409168927,64.83307503908873,7.746851663769662e-08,1000000.0,0.0,25.0,477428.0
72,73.0,1.1623514143623905,5.466668873826567e-05,4.7327213981347184e-07,1.0,14.576985757654839,0.00010001408688259383,0.20293329007994743,22.419093124568462,1.61129465252335e-07,1000000.0,0.0,25.0,477428.0
73,74.0,1.1474627867283016,3.852889266803066e-05,5.235062402436896e-07,1.0,8.775842957244379,0.0001000016008803617,0.17971362369469546,10.00007489323616,1.689708507818092e-07,1000000.0,0.0,25.0,517910.6666666667
74,75.0,1.1418020092267662,3.7759055340088105e-05,4.374033366143882e-07,1.0,10.503399414043976,0.00010000179022195965,0.22972921332389973,13.689046800136566,1.7091668080796172e-07,1000000.0,0.0,25.0,436945.3333333333
75,76.0,1.0212696281690217,5.221888107832309e-05,3.968890218641492e-07,1.0,13.429308025397155,0.030803211279417264,0.23853646780842297,11.35923020541668,1.5233807034194512e-07,1000000.0,0.0,25.0,477428.0
76,77.0,1.1000762025468094,3.734337735610362e-05,4.345228104746571e-07,1.0,9.38097880297893,0.00010000101221119273,0.22928537640407143,28.84569923579693,1.0790725445371035e-07,1000000.0,0.0,25.0,477428.0
77,78.0,1.1058083618925298,5.839777784338318e-05,4.2860802225844e-07,1.0,16.7913629170109,0.00010000094989837116,0.20240062481154553,54.33312986046076,1.0471955775209128e-07,1000000.0,0.0,25.0,576390.6666666666
78,79.0,1.1350389329490023,1.785224117948409e-05,4.811564597582464e-06,1.0,1.3815116628674744,0.00010000162991685713,0.20883588873714842,10.000000037252903,2.940795960268327e-07,1000000.0,0.0,25.0,436945.3333333333
79,80.0,1.164581840219056,1.695886587348305e-05,4.504873565606689e-06,1.0,1.3572284058464987,0.05302611186258194,0.26199820176045563,10.000003039836884,2.4172236875160747e-07,1000000.0,0.0,25.0,378465.3333333333
80,81.0,1.2313819225912292,5.254522299551928e-05,3.75501462026433e-07,1.0,14.495783627199529,0.00010003074685738245,0.22364013106349745,10.000041589140892,1.4871658767590188e-07,1000000.0,0.0,25.0,477428.0
81,82.0,1.0829071840839049,4.76521660211345e-05,4.474509540516454e-07,1.0,13.829760352156036,0.041301999389826205,0.29371766467075133,10.000047981739044,1.723132708806628e-07,1000000.0,0.0,25.0,297500.0
82,83.0,1.0569196630624458,4.774476830719614e-05,4.835838146216212e-07,1.0,12.380135593934945,0.00010000133714216375,0.20573390038039463,27.63258209824562,1.5339153972137052e-07,1000000.0,0.0,25.0,477428.0
83,84.0,1.0136861692172332,4.7879899745370894e-05,4.3806859613214994e-07,1.0,12.21655397024476,0.00010000216572292331,0.2106085097717454,33.724447436630726,1.4166713613011618e-07,1000000.0,0.0,25.0,517910.6666666667
84,85.0,1.0840738881321588,5.4285719152966615e-05,4.1909114792901145e-07,1.0,15.102158296541603,0.020782314562297732,0.26595051939654724,10.000000342726707,1.778985587860886e-07,1000000.0,0.0,25.0,337982.6666666667
85,86.0,0.9791682955848009,5.285206613296632e-05,4.5225126277571056e-07,1.0,13.270365975987247,0.0001000095967720882,0.18763675346381348,28.16752053797245,9.672830743950395e-08,1000000.0,0.0,25.0,576390.6666666666
86,87.0,1.141585852021755,3.996260909336677e-05,4.5101565535905487e-07,1.0,10.348752102027674,0.00010210442554187127,0.2098119413522994,10.001363553106785,1.7537759329506856e-07,1000000.0,0.0,25.0,477428.0
87,88.0,0.9475945305642646,3.49018051428083e-05,4.987672099948759e-07,1.0,8.194255665183356,0.00010303808400169423,0.21026611725616817,10.000820189714432,2.126168513803429e-07,1000000.0,0.0,25.0,436945.3333333333
88,89.0,1.0097715995269252,4.542004055905669e-05,4.46183455659188e-07,1.0,11.61399929849992,0.00010002415872883974,0.2143970630582288,10.000043295323849,2.2220812483388064e-07,1000000.0,0.0,25.0,436945.3333333333
89,90.0,1.1063570356532544,4.684248836307782e-05,4.433617656046985e-07,1.0,12.655691007767373,0.00010026171379440285,0.19836697137925086,10.00010871887207,2.0402507029145786e-07,1000000.0,0.0,25.0,517910.6666666667
90,91.0,1.0801981180915328,5.4258814166973194e-05,4.447107955264933e-07,1.0,14.455315027850268,0.00010018758016755447,0.20304706187799582,10.000106409192085,2.0418679731883078e-07,1000000.0,0.0,25.0,477428.0
91,92.0,1.0347558513056385,4.470613359615147e-05,3.679839139870061e-07,1.0,11.157786116072465,0.00010001682746213492,0.21417352688813196,30.18479100614786,1.5130366781170024e-07,1000000.0,0.0,25.0,576390.6666666666
92,93.0,1.1176384825521073,6.110836903758219e-05,4.180352012798878e-07,1.0,15.879185676967161,0.00010000435505469474,0.2009775870804944,19.612818218767643,1.8143505689587432e-07,1000000.0,0.0,25.0,517910.6666666667
93,94.0,1.1048606923343793,4.727333086792596e-05,4.643539880331009e-07,1.0,12.928955267027455,0.0438084890339131,0.290361546468354,10.000006549060345,1.6349402878283986e-07,1000000.0,0.0,25.0,297500.0
94,95.0,1.1923892076507292,2.432673459630366e-05,6.214476034337754e-07,1.0,2.349824013365904,0.011775407352562828,0.19882515581659277,47.88663172721863,1.7555717149394547e-06,1000000.0,0.0,25.0,477428.0
95,96.0,1.1178685095129224,4.84602136897298e-05,4.2582744794485546e-07,1.0,12.595926478028495,0.00010000698729972779,0.2239182002647624,25.6030128672719,1.252378030295768e-07,1000000.0,0.0,25.0,477428.0
96,97.0,1.0776020724497026,4.1945811143115545e-05,4.3716834838733015e-07,1.0,10.561048364916672,0.00010010203790639105,0.19386494482407102,61.525201603770256,1.547480152801339e-07,1000000.0,0.0,25.0,616873.3333333334
97,98.0,1.193156449226728,5.359647828594634e-05,3.919866021198019e-07,1.0,14.790681136949722,0.00010000109281538272,0.20552520148961406,54.07203207165003,9.469577492349148e-08,1000000.0,0.0,25.0,616873.3333333334
98,99.0,1.1232565004154993,3.6864769213415896e-05,5.249845367370862e-07,1.0,9.527874050797024,0.0001000124315405082,0.20019183821614206,144.50620261579752,5.450913104134564e-12,1000000.0,0.0,25.0,576390.6666666666
99,100.0,1.2078193356480806,4.135258302922915e-05,5.144029627861406e-07,1.0,11.313139452315141,0.00011881068971614228,0.19369153985424958,10.0008649751544,1.9558445318936408e-07,1000000.0,0.0,25.0,477428.0
100,101.0,1.0837869982636872,2.091067287584985e-05,3.7926894900114924e-07,1.0,2.3159695122206756,0.00010006269371931609,0.25992412612252025,245.3584834933281,1.4197338819358949e-06,1000000.0,0.0,25.0,517910.6666666667
101,102.0,1.0992579189346865,4.2692098889095315e-05,3.892509847676091e-07,1.0,12.154414218948176,0.061472595975890276,0.2950618996144101,10.000165022909641,1.540704935380755e-07,1000000.0,0.0,25.0,378465.3333333333
102,103.0,1.1835180454556669,2.067050466591225e-05,3.758492804055186e-07,1.0,3.0444126302287415,0.06158149935122842,0.273135518514799,10.000247113406658,1.3633160072666937e-06,1000000.0,0.0,25.0,418948.0
103,104.0,1.0306283667011813,3.512398281563097e-05,4.541399920240488e-07,1.0,2.4272419810051034,0.00010002521975227552,0.16384007151913238,10.00001534819603,1.7060120885700067e-06,1000000.0,0.0,25.0,576390.6666666666
104,105.0,1.1221898883899624,4.525880259310666e-05,4.290445720650114e-07,1.0,11.987160281464433,0.00010000000252086139,0.20925076299176482,165.7947467416525,2.0861833975268675e-11,1000000.0,0.0,25.0,616873.3333333334
105,106.0,1.0848951509899503,4.7841656603594295e-05,3.845667923272532e-07,1.0,13.000479167014014,0.00010000142708771476,0.23325686025779646,48.26890045404434,1.1719349102052754e-07,1000000.0,0.0,25.0,517910.6666666667
106,107.0,1.1625408009912588,4.4516517618662876e-05,4.588233551091299e-07,1.0,12.765417274031648,0.00010009604385874393,0.21613003949415344,26.356611758470535,1.570356941062455e-07,1000000.0,0.0,25.0,477428.0
107,108.0,1.123500493831691,6.001845999800917e-05,3.920230885229409e-07,1.0,16.763371613596945,0.07024928867439956,0.3076042345508512,10.000001952052116,1.2779952394696752e-07,1000000.0,0.0,25.0,337982.6666666667
108,109.0,1.0547852321895792,4.012476736689584e-05,4.3047702086372163e-07,1.0,9.032535075017947,0.00010013731294233885,0.19783632513757965,33.5734646320343,1.4760707090130372e-07,1000000.0,0.0,25.0,576390.6666666666
109,110.0,1.0889182569423372,6.551054617497974e-05,3.857155768529911e-07,1.0,16.4174113102451,0.0675191696791832,0.2861122588386422,10.000000081956387,1.5877712376522162e-07,1000000.0,0.0,25.0,378465.3333333333
110,111.0,0.9596178032071022,6.540964060935488e-05,3.6334199232729633e-07,1.0,18.28822018782531,0.05370363889826957,0.3009989798394628,10.000001080334187,1.6981872585355648e-07,1000000.0,0.0,25.0,337982.6666666667
111,112.0,1.1220190085843147,1.9200426503246212e-05,4.4174565173912e-06,1.0,1.28926900593882,0.036478091755150266,0.21694785780226056,10.00000000745058,2.386945435610375e-07,1000000.0,0.0,25.0,477428.0
112,113.0,1.0733519376464222,5.789273172969408e-05,3.857830262900925e-07,1.0,15.671675776231325,0.00010001370849582747,0.2299042488943357,213.5306260585785,9.063449585977731e-11,1000000.0,0.0,25.0,616873.3333333334
113,114.0,1.1027382740852452,5.514229847999137e-05,4.0325476670872903e-07,1.0,14.618664304565293,0.00010012957175303816,0.2181841880092108,10.000013992190361,1.2866431227490397e-07,1000000.0,0.0,25.0,477428.0
114,115.0,1.0368514804657774,5.9931352360694766e-05,4.5786924810849617e-07,1.0,15.290296471622781,0.05318329310495684,0.2748045390629841,10.000001899898052,1.5913167782920663e-07,1000000.0,0.0,25.0,337982.6666666667
115,116.0,1.179983028439628,3.783224399391576e-05,5.134842641946828e-07,1.0,9.731665499172998,0.00010067136325098147,0.1684946852205229,22.08032538741827,1.0688525785949193e-07,1000000.0,0.0,25.0,616873.3333333334
116,117.0,1.0032715884665704,6.633265056670026e-05,3.4489076817505063e-07,1.0,17.64163518079374,0.053680533351980086,0.2928479292699251,10.000016547739506,1.4690059278283193e-07,1000000.0,0.0,25.0,378465.3333333333
117,118.0,1.1069288270290527,5.3922210342645255e-05,3.614617701472718e-07,1.0,15.200676533416384,0.03697695688899777,0.27931485155617963,10.000041052699089,1.7673632792177143e-07,1000000.0,0.0,25.0,378465.3333333333
118,119.0,1.1340021991381526,6.500473800540825e-05,3.8640632425587074e-07,1.0,18.114442737499076,0.00010085392007130878,0.21600803241841504,10.00001185387373,1.6139298580880563e-07,1000000.0,0.0,25.0,477428.0
119,120.0,1.147716164501627,5.7357281847511516e-05,4.078781699226762e-07,1.0,14.873388687662192,0.010438284208017956,0.23897771146344837,10.000003829598427,1.1722186597359018e-07,1000000.0,0.0,25.0,418948.0
120,121.0,1.0735463919396258,4.7332382614720404e-05,3.604959342390861e-07,1.0,12.974602476979221,0.10855908639729006,0.3654897647241171,10.000062622129917,1.2992672567385926e-07,1000000.0,0.0,25.0,297500.0
121,122.0,1.0844395348154392,4.5899783426625136e-05,3.6650501713070364e-07,1.0,12.81395218123722,0.00010000387606895478,0.23217447630864285,53.79609249532223,1.0804223250698771e-07,1000000.0,0.0,25.0,576390.6666666666
122,123.0,1.1292232987957593,4.21828218710445e-05,3.919709910509068e-07,1.0,11.064127443895785,0.038398675539348115,0.26479931682995783,18.853490322828293,1.3065766285647252e-07,1000000.0,0.0,25.0,436945.3333333333
123,124.0,1.0541293949688144,4.0499070864414095e-05,4.879137376573935e-07,1.0,10.34784823191142,0.00010001619353555702,0.20187101286715148,10.000016815960407,1.5008870476787957e-07,1000000.0,0.0,25.0,477428.0
124,125.0,1.067869456028228,3.1819959669307645e-05,5.26897117936912e-07,1.0,8.565012503089811,0.00010000089960426894,0.174721842781409,15.74519395828247,9.250819268288011e-08,1000000.0,0.0,25.0,616873.3333333334
125,126.0,1.0714517910108448,3.941891861036313e-05,4.4792730501016083e-07,1.0,10.026230076318534,0.00010005542499363917,0.22340443233071738,32.13376887142658,1.398370676327512e-07,1000000.0,0.0,25.0,477428.0
126,127.0,1.1188730808758007,5.104767143797762e-05,4.360637422201277e-07,1.0,14.361454372988987,0.00010001427633815618,0.1960281394292167,10.000018522143364,1.7780046253073348e-07,1000000.0,0.0,25.0,517910.6666666667
127,128.0,1.0788344213964742,6.594401673984748e-05,4.361334650195272e-07,1.0,17.833530032041267,0.0001000041279468622,0.2064481761888146,45.0093035697937,1.2056000900976486e-07,1000000.0,0.0,25.0,517910.6666666667
128,129.0,1.1252479781846316,3.667706090432373e-05,5.054066490246776e-07,1.0,9.260589836323426,0.00010000002526872054,0.1993851048973525,33.72842812538147,1.2691670884885708e-07,1000000.0,0.0,25.0,517910.6666666667
129,130.0,1.032202396000073,4.838125518921952e-05,4.518501231543873e-07,1.0,14.223023692108498,0.007067821348935632,0.25571162033158856,10.000000216066837,1.7974176689139232e-07,1000000.0,0.0,25.0,337982.6666666667
130,131.0,1.159178556266773,1.5366023192780746e-05,4.257714836297743e-06,1.0,1.3827390409568139,0.05061320175559503,0.28725000472029194,10.0,2.550426577402451e-07,1000000.0,0.0,25.0,297500.0
131,132.0,1.1167848851490214,4.8338002862214016e-05,4.4831705605702696e-07,1.0,13.31310485407225,0.026475560614777793,0.26285091379006076,10.000085540115833,1.9568854710615244e-07,1000000.0,0.0,25.0,337982.6666666667
132,133.0,1.0981032716436996,6.225085812357992e-05,4.5146379949797947e-07,1.0,17.569406281553697,0.00010000134470528055,0.21106168844126216,25.251968324184418,1.2705428978411503e-07,1000000.0,0.0,25.0,477428.0
133,134.0,1.120116084092014,2.3339106523784508e-05,5.110416076091112e-07,1.0,2.49485349059848,0.00010001939733034204,0.19799620843510013,139.96490045636892,1.43148605151179e-06,1000000.0,0.0,25.0,616873.3333333334
134,135.0,1.1261725663048623,5.190893792006473e-05,3.9619160814588847e-07,1.0,14.643170048672232,0.00010053439270923947,0.23110647800404394,26.561192840337753,1.3246766893160752e-07,1000000.0,0.0,25.0,477428.0
135,136.0,1.0644702750182753,3.5109061740775556e-05,4.814689637455132e-07,1.0,8.724207532757319,0.00010003744921854851,0.21667223965749827,10.000018782913685,1.971313517702656e-07,1000000.0,0.0,25.0,436945.3333333333
136,137.0,1.1159942717087132,3.991706204604186e-05,3.697158479506145e-07,1.0,10.819783185658991,0.03206550249555806,0.25847107078912757,17.624421328306198,1.4828811203248794e-07,1000000.0,0.0,25.0,477428.0
137,138.0,1.2309698538639515,4.168976808476685e-05,4.605409194853295e-07,1.0,10.357509600708973,0.00010000040466029425,0.18027741799438246,167.53026313334703,1.7115866016159664e-14,1000000.0,0.0,25.0,715836.0
138,139.0,1.2086701911780249,4.4047689217214876e-05,4.778766015347915e-07,1.0,11.807611636799422,0.00010005659280559742,0.20534305710512513,83.04467140883207,1.9819122447660214e-09,1000000.0,0.0,25.0,576390.6666666666
139,140.0,1.068529802773417,3.926814448704418e-05,4.972780220229101e-07,1.0,9.931115301579382,0.027174275200374576,0.2660788075762639,10.000000454485416,8.022120499910748e-08,1000000.0,0.0,25.0,337982.6666666667
140,141.0,1.103975078601787,2.8472190990132595e-05,4.3934357914503404e-07,1.0,3.1149002538466704,0.00010065770666245477,0.1912730971035188,10.000065006315708,1.561595402628765e-06,1000000.0,0.0,25.0,477428.0
141,142.0,1.028120069005211,5.8440866038284925e-05,4.6917418476949814e-07,1.0,15.481246896762691,0.00010954444412092368,0.21281088595441133,20.649442739784718,2.025271118457649e-07,1000000.0,0.0,25.0,436945.3333333333
142,143.0,1.1303219766388979,4.485772713910436e-05,4.2540443325834386e-07,1.0,12.090692864240758,0.0001000013742909478,0.22223954524756095,21.929852418601513,1.6128224558614967e-07,1000000.0,0.0,25.0,477428.0
143,144.0,1.2028139126477209,5.234963857964785e-05,4.199976450128292e-07,1.0,15.070931302564134,0.0209090373277539,0.23622434963886718,10.00000013411045,1.746999892557227e-07,1000000.0,0.0,25.0,436945.3333333333
144,145.0,1.0885201713139565,4.781491685463095e-05,3.97080710832938e-07,1.0,13.627748476442946,0.059018128978309825,0.30724751983061793,10.000038228929043,1.2820254028426362e-07,1000000.0,0.0,25.0,337982.6666666667
145,146.0,1.1399962724746477,4.841697241312387e-05,3.655742737252132e-07,1.0,13.991707925173273,0.04793033261520385,0.30598641492755974,10.000017710030079,1.4742425162682772e-07,1000000.0,0.0,25.0,337982.6666666667
146,147.0,1.0083877670971217,5.077572912182684e-05,3.8021257704012434e-07,1.0,12.354063005252712,0.00010000099608403756,0.22809477184753035,201.7823633775115,1.2267748150879623e-10,1000000.0,0.0,25.0,616873.3333333334
147,148.0,1.1596224073007644,3.848649993708237e-05,5.554321609696117e-07,1.0,9.598794144527062,0.00010008573366349083,0.18969171085187497,10.000006131827831,9.694691654092648e-08,1000000.0,0.0,25.0,477428.0
148,149.0,1.0344830761137802,4.2005835417201266e-05,4.6857745646601594e-07,1.0,10.719669755567864,0.00010000030575579855,0.2138100425043774,31.3454914316535,1.607516760407794e-07,1000000.0,0.0,25.0,477428.0
149,150.0,1.1205077913775359,3.5104348768139885e-05,4.498052092478995e-07,1.0,9.200661207165474,0.00010000000358750816,0.21075821025271324,124.54480861872435,5.1935909921858154e-08,1000000.0,0.0,25.0,616873.3333333334
150,151.0,1.0505463227111824,5.479946474965143e-05,4.2335946337070996e-07,1.0,15.470121188858812,0.030429265190844712,0.2555230062329841,10.000000014901161,2.0053658280267718e-07,1000000.0,0.0,25.0,378465.3333333333
151,152.0,1.0176999971954472,4.758132225191539e-05,4.179835812882069e-07,1.0,12.27544215492987,0.00010018890130197855,0.18758253140894965,93.08870313316584,1.109879869103797e-07,1000000.0,0.0,25.0,715836.0
152,153.0,1.1365091757359211,3.6711994370815954e-05,5.189899809899775e-07,1.0,8.61465910530783,0.00010030146391620809,0.18135637311794994,22.774625919759274,7.323986626635287e-08,1000000.0,0.0,25.0,576390.6666666666
153,154.0,1.1370289248789403,4.8808261981765076e-05,4.806247905184033e-07,1.0,13.170273891176173,0.04670518808555396,0.2863386940739687,10.000002108514309,1.8493616499862053e-07,1000000.0,0.0,25.0,297500.0
154,155.0,1.1151155553434602,3.947881548088717e-05,4.667965158873573e-07,1.0,11.24791759118608,0.00010532604429480674,0.22339280533933703,27.663103185594082,1.3326134419105974e-07,1000000.0,0.0,25.0,477428.0
155,156.0,1.1442332904197867,4.091882389809239e-05,4.885389749069408e-07,1.0,12.666629517164864,0.03776598531644698,0.25738763252661556,10.008706159889698,1.8785069728505255e-07,1000000.0,0.0,25.0,378465.3333333333
156,157.0,1.0240582008104024,4.91430478166017e-05,4.4578664073843555e-07,1.0,12.648718558343496,0.009782264979599442,0.2557015872146309,10.000001318752766,1.4967680314804553e-07,1000000.0,0.0,25.0,337982.6666666667
157,158.0,0.9518425747484999,4.8002088026990765e-05,4.0574107935696576e-07,1.0,12.823699048492657,0.00010000046762242976,0.26347611585287467,181.69640385359526,1.0950635785254761e-10,1000000.0,0.0,25.0,477428.0
158,159.0,1.1518511378338245,5.556409128440576e-05,4.210540786456904e-07,1.0,15.094597258719304,0.05279736031223459,0.2745113353739086,10.000012554228306,1.4582566830390937e-07,1000000.0,0.0,25.0,378465.3333333333
159,160.0,1.144977021528125,3.290835593557979e-05,4.949349755130805e-07,1.0,8.424330423983847,0.021580010194134247,0.22206937570090446,10.00003694742918,9.167847430468194e-08,1000000.0,0.0,25.0,477428.0
160,161.0,1.162532607327485,3.711739578951146e-05,4.5740534832405827e-07,1.0,9.830173229442295,0.012539619109100453,0.23057513623181336,10.000220656394958,1.4773793605927436e-07,1000000.0,0.0,25.0,436945.3333333333
161,162.0,1.0219505838954204,4.2134291440627e-05,4.807281517583398e-07,1.0,9.598681678209559,0.00010004896738685654,0.21354656657555893,10.000001162290573,1.3002269070351715e-07,1000000.0,0.0,25.0,436945.3333333333
162,163.0,1.0607129319292756,4.5298652838929115e-05,4.109122390001031e-07,1.0,11.492219500936748,0.0338642629715461,0.27097688607691595,10.000000767409801,1.2047460148888585e-07,1000000.0,0.0,25.0,378465.3333333333
163,164.0,1.1043555931790197,4.1157395546559556e-05,4.007427273630001e-07,1.0,10.314620298842087,0.00010002671395542562,0.20410543979504325,38.459096528589725,9.676626895580606e-08,1000000.0,0.0,25.0,616873.3333333334
164,165.0,1.1571712184352867,4.761110172890372e-05,5.17220020662573e-07,1.0,12.073919160551675,0.00010000172686008835,0.17669410323723866,12.134901739656925,1.4050105291558393e-07,1000000.0,0.0,25.0,517910.6666666667
165,166.0,1.160516746456844,4.6236665792776294e-05,4.4782636306424427e-07,1.0,13.589073454242119,0.00010003595526691944,0.18955156359442782,121.52300788462162,3.4555945165873e-10,1000000.0,0.0,25.0,715836.0
166,167.0,1.2354075206752382,8.276729014132506e-05,3.441142283789212e-07,1.0,23.43184934389146,0.052379824494346805,0.30188865664499076,10.008118696510792,1.4944618392924864e-07,1000000.0,0.0,25.0,337982.6666666667
167,168.0,1.033591915419867,2.3832156724833176e-05,4.02102303286577e-07,1.0,2.47861202815902,0.01816312933862335,0.24312071474386698,63.38596384227276,1.6148354451626438e-06,1000000.0,0.0,25.0,477428.0
168,169.0,1.145251167744968,5.0559719576221926e-05,4.0079560498606343e-07,1.0,13.673071854133262,0.06843318067460652,0.303714074991845,10.000002823770046,1.5734338725125635e-07,1000000.0,0.0,25.0,337982.6666666667
169,170.0,1.0598324581101954,4.605644535419099e-05,4.363698468851061e-07,1.0,12.811797951161545,0.006386442828978878,0.23297724791773788,18.58501146733761,1.394977378887195e-07,1000000.0,0.0,25.0,436945.3333333333
170,171.0,0.9591180468664848,4.067577447743187e-05,4.39476543568326e-07,1.0,10.728549451193508,0.0001000487015315743,0.2395698974352527,10.000016167759895,1.908912007787117e-07,1000000.0,0.0,25.0,378465.3333333333
171,172.0,1.160074816238434,5.097692478674326e-05,4.134976862188333e-07,1.0,13.004487740377236,0.00010000291412110007,0.1963052761302464,49.83056279271841,9.109996322492943e-08,1000000.0,0.0,25.0,616873.3333333334
172,173.0,1.141284319734134,4.616594198062109e-05,4.859179398208273e-07,1.0,11.925914163436161,0.00010000220552780492,0.20074776436809572,16.7614878565073,1.436216722520292e-07,1000000.0,0.0,25.0,477428.0
173,174.0,1.040540237346476,4.266549755617452e-05,4.2354484242951355e-07,1.0,11.16989944193734,0.00010000869241949539,0.2288236227893492,65.75840602815151,1.0827525477880836e-07,1000000.0,0.0,25.0,517910.6666666667
174,175.0,1.0851962256636338,2.230064233136882e-05,4.496179749096093e-07,1.0,2.521155155259116,0.030335973096876023,0.26552010755474953,10.000000417232513,1.966874245202796e-06,1000000.0,0.0,25.0,297500.0
175,176.0,1.0584189712025742,4.818747687326398e-05,4.232194359526909e-07,1.0,12.679423923917192,0.00011730069057991344,0.22149213521107214,52.8438905030489,1.1192835670551459e-07,1000000.0,0.0,25.0,517910.6666666667
176,177.0,1.0560020633577776,5.372520546382665e-05,3.976808402651505e-07,1.0,14.142308628177112,0.00010304811300221317,0.2274082360003291,24.70811279863119,1.3760470634369642e-07,1000000.0,0.0,25.0,477428.0
177,178.0,1.0736722263018532,4.795131616795045e-05,4.2884000785619784e-07,1.0,12.038091016143099,0.0001000012805462136,0.18141224908143982,96.53349473327398,3.572435293278716e-10,1000000.0,0.0,25.0,715836.0
178,179.0,1.1683043594555265,2.9318304239904296e-05,5.123937358861237e-07,1.0,7.223331572265089,0.00010000014799077528,0.20474497006573245,10.000015959143639,1.4850272329224772e-07,1000000.0,0.0,25.0,477428.0
179,180.0,1.0602413907510482,5.297040017104602e-05,4.765798019999026e-07,1.0,13.972350871483798,0.021079856169042732,0.21101155529726157,10.000046871602535,1.2093825241595187e-07,1000000.0,0.0,25.0,477428.0
180,181.0,1.1017220292625631,4.159054481761072e-05,4.698410736673624e-07,1.0,10.527384985420092,0.00010006676444851426,0.176667961122547,11.998691514134407,2.088741527267484e-07,1000000.0,0.0,25.0,576390.6666666666
181,182.0,1.2250408032328017,5.8718170822795256e-05,3.7760123421191877e-07,1.0,16.121881415017278,0.0001000118549139839,0.20103723024921294,17.986961737275124,1.8521159034652737e-07,1000000.0,0.0,25.0,576390.6666666666
182,183.0,1.1122764417294004,4.184233701699459e-05,4.584044211163819e-07,1.0,10.09748149729873,0.011532126304008405,0.23506338174255603,10.000002190470695,1.0205681172823443e-07,1000000.0,0.0,25.0,418948.0
183,184.0,1.1681897911852732,4.00804249795443e-05,5.215967550019579e-07,1.0,10.141999613440028,0.00010001005059595558,0.18404898992601915,12.169633761048317,1.606454479849748e-07,1000000.0,0.0,25.0,517910.6666666667
184,185.0,1.0622690426845023,5.207375784548417e-05,3.984295407340145e-07,1.0,14.457234344167993,0.00010000308500990318,0.21233468080102824,51.02084777504206,1.0641992739507768e-07,1000000.0,0.0,25.0,576390.6666666666
185,186.0,1.206822556067504,1.9024745190674967e-05,3.6929614964470675e-07,1.0,2.79132346247831,0.06171444292735229,0.2988053933409276,10.00000623613596,1.514789659234519e-06,1000000.0,0.0,25.0,337982.6666666667
186,187.0,1.1080696586247862,4.189727824670476e-05,3.9663524020947514e-07,1.0,10.092879970443242,0.05512924531087143,0.2876563941405834,10.00000899285078,1.3515880481548018e-07,1000000.0,0.0,25.0,378465.3333333333
187,188.0,1.228150325449129,1.820580800335489e-05,4.851018094586415e-06,1.0,1.2800907709854599,0.03765542855398718,0.26087321737847446,10.000000417232513,1.6917552054285424e-07,1000000.0,0.0,25.0,378465.3333333333
188,189.0,1.0745232612009328,6.636151806068598e-05,3.239728922492421e-07,1.0,18.20551017859799,0.07003190421042937,0.3269443585618106,10.000052601099014,1.2993334247002054e-07,1000000.0,0.0,25.0,337982.6666666667
189,190.0,1.0871299197232203,3.725184286200289e-05,4.5369788457623645e-07,1.0,9.661101318606477,0.00010004527828705312,0.18760368569036956,30.987757585942745,1.5048334359182521e-07,1000000.0,0.0,25.0,616873.3333333334
190,191.0,1.1498114451613,4.990377532855012e-05,3.9033879747388223e-07,1.0,13.752747085231078,0.004560354531729094,0.22410003649446253,10.000215545296669,1.7757445090428652e-07,1000000.0,0.0,25.0,477428.0
191,192.0,1.1558658258367682,3.298053731869941e-05,4.172668881506308e-07,1.0,8.833784085382042,0.00010000056696579662,0.23741930378368892,26.019367590546608,1.2809585594862226e-07,1000000.0,0.0,25.0,477428.0
192,193.0,0.9510026034503971,3.919773892595157e-05,4.3004618726428026e-07,1.0,10.125831434865098,0.00010475721266822724,0.21734800334125737,10.013472124934196,1.8213297905505355e-07,1000000.0,0.0,25.0,477428.0
193,194.0,1.1585779156543565,3.6670401138464676e-05,4.936529956727084e-07,1.0,10.071372882557021,0.00010001140087456672,0.17397046662836146,91.09531448036432,1.5955283408629903e-10,1000000.0,0.0,25.0,715836.0
194,195.0,1.0571891230144599,4.462609556084833e-05,4.796576685549641e-07,1.0,11.644775826231708,0.00010002351693194633,0.1765468651956965,15.272812612354755,2.1011415024061727e-07,1000000.0,0.0,25.0,576390.6666666666
195,196.0,1.0443377998415837,4.7885416378266663e-05,4.1599059854015535e-07,1.0,12.607312319164926,0.00010000237843077464,0.22971934100384317,53.87572614103556,4.570439923900794e-08,1000000.0,0.0,25.0,517910.6666666667
196,197.0,1.0694495279962557,4.2386198713470704e-05,4.844305157938764e-07,1.0,10.330537451126226,0.00010000592723319324,0.18843656889136184,10.00000924617052,1.5132896138705346e-07,1000000.0,0.0,25.0,517910.6666666667
197,198.0,1.1323755888798879,6.260989137684972e-05,3.791750064167113e-07,1.0,15.758080525230966,0.00010002753608717718,0.2153391839491121,10.000774294137955,2.0546484393990633e-07,1000000.0,0.0,25.0,477428.0
198,199.0,1.0932910753215805,3.9804355663071084e-05,4.967526842183888e-07,1.0,10.639233135381552,0.00010000045052244166,0.20142363275470387,14.050992645323277,1.809015308294084e-07,1000000.0,0.0,25.0,477428.0
199,200.0,1.0682252279770286,4.621187471196287e-05,4.371949618285783e-07,1.0,12.341772233085628,0.00010280830485387416,0.20505850838836892,21.75653574615717,1.7149091494133634e-07,1000000.0,0.0,25.0,517910.6666666667
200,201.0,1.0371077388786536,4.1717375769940426e-05,3.4238583498146847e-07,1.0,11.680709667129044,0.024735655076638385,0.29882198010482597,189.02645814418793,5.4973410243722935e-11,1000000.0,0.0,25.0,517910.6666666667
201,202.0,1.0752236143862868,1.5003830086721892e-05,3.7012835290957608e-06,1.0,1.4748331259236949,0.06887258781521505,0.2983264794226912,10.000000149011612,2.1581132559798325e-07,1000000.0,0.0,25.0,378465.3333333333
202,203.0,1.1599756119911624,4.736878175847352e-05,4.260384099796704e-07,1.0,13.045476469992423,0.00010112468525141916,0.19905724973960304,26.751567609608173,1.312091346080172e-07,1000000.0,0.0,25.0,576390.6666666666
203,204.0,1.0357527238471937,2.5287051997837436e-05,3.8948873126596e-07,1.0,2.3558361545024837,0.00010000090062378675,0.20436739889205313,70.10229124128819,1.3261427466106546e-06,1000000.0,0.0,25.0,616873.3333333334
204,205.0,1.1416534886143663,5.043105976662372e-05,5.732711808735766e-07,1.0,13.698931691157512,0.00010305979651553665,0.22380186217114328,10.000006034970284,1.502457938854724e-07,1000000.0,0.0,25.0,337982.6666666667
205,206.0,1.1177521061308269,4.112708648445321e-05,5.044814246592122e-07,1.0,10.541555689317732,0.00010047463994683481,0.17458802651309213,37.058894984424114,1.580221117761154e-07,1000000.0,0.0,25.0,616873.3333333334
206,207.0,1.0986272350826523,4.08132626174291e-05,5.134288873017312e-07,1.0,10.671996288918805,0.00010423169605755511,0.1807702454721678,10.041748404502869,2.2764631068108375e-07,1000000.0,0.0,25.0,517910.6666666667
207,208.0,1.043556744636073,5.071330232692808e-05,4.3989991831516035e-07,1.0,13.217962410788502,0.0181635485327174,0.21491631984427784,10.000002190470695,1.7790714043189245e-07,1000000.0,0.0,25.0,477428.0
208,209.0,0.998414579885453,5.625555319208667e-05,3.766898111327865e-07,1.0,14.323865215601082,0.0001000126809710955,0.2477892567377893,36.757694236934185,1.378771793006606e-07,1000000.0,0.0,25.0,436945.3333333333
209,210.0,1.1406302660830236,4.9833489210605364e-05,4.0916933845049763e-07,1.0,12.716738010918874,0.00010000088885175895,0.22743547221104876,43.31271484494209,1.6560491375296833e-07,1000000.0,0.0,25.0,477428.0
210,211.0,1.18897239296495,1.5960967137060564e-05,3.903352381271623e-06,1.0,1.3691537773514781,0.05820466227530041,0.26318362765672276,10.000000663101673,2.799577816519036e-07,1000000.0,0.0,25.0,378465.3333333333
211,212.0,1.2120755023694925,5.213285987056733e-05,4.480083765705009e-07,1.0,14.319638698681175,0.00010000196977266729,0.22480203891952755,144.50969843566418,5.969823803274142e-08,1000000.0,0.0,25.0,517910.6666666667
212,213.0,1.152176137247407,5.1647437943271114e-05,4.397155903584197e-07,1.0,13.550531765274002,0.02633670064003002,0.26237593338641574,10.000006012618542,2.166522476889301e-07,1000000.0,0.0,25.0,337982.6666666667
213,214.0,1.1840817321495622,5.795932127043092e-05,4.5421863729708196e-07,1.0,16.251412467557593,0.0001001083945413872,0.20590990974765333,10.000167191028595,1.1563067485126588e-07,1000000.0,0.0,25.0,477428.0
214,215.0,1.0153005976928586,5.166558991778749e-05,3.989826268045214e-07,1.0,13.355489323821999,0.01597184609597646,0.2402905927593295,10.002005323767662,2.1365777523253595e-07,1000000.0,0.0,25.0,418948.0
215,216.0,1.16708084164418,5.439183988490773e-05,4.866533541190047e-07,1.0,14.728941114747869,0.04745573604601061,0.2654184025652029,10.000000797212124,1.7500762583041166e-07,1000000.0,0.0,25.0,337982.6666666667
216,217.0,1.0446846532685514,5.142806122584131e-05,4.0898992031548556e-07,1.0,13.019387643701563,0.00010000019432793161,0.19349616805870085,45.835234984755516,1.2513772554234527e-07,1000000.0,0.0,25.0,616873.3333333334
217,218.0,1.074795084240277,3.816109690533656e-05,5.41967294955716e-07,1.0,9.918322623250027,0.00010041203068944515,0.1641246202077653,10.000005945563316,2.1557480714290704e-07,1000000.0,0.0,25.0,576390.6666666666
218,219.0,1.0688812196571142,4.016421487061788e-05,4.2678026242765895e-07,1.0,10.535158555486518,0.06265622233096874,0.2858737412096204,10.000024870038033,1.5043357855820563e-07,1000000.0,0.0,25.0,378465.3333333333
219,220.0,1.1170501409861886,3.938952765831361e-05,4.831238252227282e-07,1.0,10.352780026448123,0.040458997160497445,0.25758071564744967,10.000001303851604,1.6366266017559108e-07,1000000.0,0.0,25.0,378465.3333333333
220,221.0,1.1683483609686416,3.617786334218803e-05,5.181000523536946e-07,1.0,9.391380198353389,0.00010015445769262499,0.24263264413652763,10.000331535935402,1.2684750455109462e-07,1000000.0,0.0,25.0,337982.6666666667
221,222.0,0.9996160416298541,2.2591486781764353e-05,3.600871634118946e-07,1.0,2.8771774299012733,0.00010016593659945006,0.2361666158471749,10.000109761953354,1.3324181336141046e-06,1000000.0,0.0,25.0,418948.0
222,223.0,1.0704165147483842,5.555641647793152e-05,4.7579214515579006e-07,1.0,13.434429836207137,0.00010000312047581117,0.15828252980887214,10.000000931322575,1.3145314780174878e-07,1000000.0,0.0,25.0,616873.3333333334
223,224.0,1.0897340307050278,4.487386906828108e-05,4.129816756478301e-07,1.0,12.37826517583541,0.09512848717808037,0.340360400708569,10.000007145106792,1.515189939998681e-07,1000000.0,0.0,25.0,297500.0
224,225.0,1.1065974223773918,4.6701754520045055e-05,4.5377004156505553e-07,1.0,12.236869325553997,0.00010079173630672678,0.2151489305197387,10.002463012933731,1.8387125011673104e-07,1000000.0,0.0,25.0,436945.3333333333
225,226.0,1.0189921512479114,4.5484865131920726e-05,5.091317858779779e-07,1.0,11.013014562108658,0.00010023238774781174,0.20444603104383674,10.000011503696442,2.2482668369354917e-07,1000000.0,0.0,25.0,418948.0
226,227.0,1.0319883148450915,5.301940024984939e-05,5.067571954717472e-07,1.0,14.18877974342302,0.00010097368318900957,0.18363812550614256,10.000157229602337,2.7195175253855414e-07,1000000.0,0.0,25.0,477428.0
227,228.0,1.0941338136140106,1.690169099466047e-05,4.801056223166026e-06,1.0,1.3580068996237102,0.03574679218298682,0.2725501902423133,15.9092658162117,2.1271860995197752e-07,1000000.0,0.0,25.0,378465.3333333333
228,229.0,1.2159941879256397,5.5653280713526463e-05,4.5131775698314e-07,1.0,16.10502152531206,0.00010000321966940895,0.2051459811052183,34.35890381783247,1.4122386143470373e-07,1000000.0,0.0,25.0,517910.6666666667
229,230.0,1.1356441424503025,5.739190964169343e-05,3.962019530039424e-07,1.0,15.582086375716067,0.00010025623857962129,0.21384526064353082,48.843762174248695,5.106600477896385e-08,1000000.0,0.0,25.0,576390.6666666666
230,231.0,1.142754321060678,4.3559696703529904e-05,4.752899223432652e-07,1.0,11.739175446631286,0.00010029612366146967,0.21292381154503204,10.000048667192459,1.8046130789249463e-07,1000000.0,0.0,25.0,436945.3333333333
231,232.0,1.101257342518881,5.4518180818726666e-05,4.0442589508648917e-07,1.0,14.163300554806028,0.00884609940479053,0.2601030324836344,74.551926612854,7.681622875713379e-08,1000000.0,0.0,25.0,436945.3333333333
232,233.0,1.0441012822130713,4.789394647983488e-05,4.6383627939572755e-07,1.0,12.203522028487306,0.0001000059341758619,0.1964638449554812,22.86165288090706,1.5989341892125802e-07,1000000.0,0.0,25.0,517910.6666666667
233,234.0,1.120049598403856,6.042617362441251e-05,4.199802467063195e-07,1.0,16.51266990112582,0.020479319094271697,0.23262961573270502,10.000001102685928,1.6805472144415496e-07,1000000.0,0.0,25.0,436945.3333333333
234,235.0,1.1618742491273988,5.170760451121126e-05,3.950416635494877e-07,1.0,13.613660763803175,0.00010000194966569564,0.22138649602949556,10.000003166496754,1.2909399708727266e-07,1000000.0,0.0,25.0,477428.0
235,236.0,1.16878859709261,5.544122852304019e-05,3.8242846978422013e-07,1.0,15.694205866133885,0.00657286906262744,0.2429473483514073,38.10938607156277,1.311859649843404e-07,1000000.0,0.0,25.0,477428.0
236,237.0,1.03335574666567,4.4875201387614165e-05,4.742535702286597e-07,1.0,11.140854239285176,0.00010058339384050319,0.19467747388220857,10.000352077186108,2.3510177463292458e-07,1000000.0,0.0,25.0,477428.0
237,238.0,1.0536994972516471,2.3603162610930686e-05,4.1228436600399936e-07,1.0,2.600885742950574,0.00010001989684998991,0.20056235263406563,30.137136168777943,1.2056236092688308e-06,1000000.0,0.0,25.0,576390.6666666666
238,239.0,1.1691037421076445,4.76231247086407e-05,3.670203072340082e-07,1.0,12.455769619476023,0.00010584506763156032,0.22329425523691526,49.70826391130686,1.1565783265898649e-07,1000000.0,0.0,25.0,576390.6666666666
239,240.0,1.0315801407772656,5.16676331208642e-05,4.2929827779554166e-07,1.0,14.861945719340412,0.0001000236272145072,0.21966431384402085,19.65188043564558,1.434535988762556e-07,1000000.0,0.0,25.0,477428.0
240,241.0,1.093303732929419,4.857253715360751e-05,4.7039761914533277e-07,1.0,12.561083565548266,0.00010678692465682094,0.2084228344062211,10.00000924617052,2.2572988647828182e-07,1000000.0,0.0,25.0,436945.3333333333
241,242.0,0.9980243458075246,5.607850788459466e-05,4.0360526473494113e-07,1.0,14.300101658600319,0.00010000086326256152,0.22511698868375873,64.8538506925106,9.417723061219441e-08,1000000.0,0.0,25.0,517910.6666666667
242,243.0,1.1205887987769072,2.2039624438306723e-05,3.2010590082146815e-07,1.0,2.933624480677537,0.06894182603875526,0.31892456029171967,10.000005289912224,1.848065313688099e-06,1000000.0,0.0,25.0,297500.0
243,244.0,1.1245928929625257,3.2082686556065595e-05,5.309478373721847e-07,1.0,9.44664134128407,0.03187062704867111,0.25376700782128125,10.005871929228306,1.2228917749577484e-07,1000000.0,0.0,25.0,378465.3333333333
244,245.0,1.1088350181886597,5.1014260652615624e-05,4.4302195665866156e-07,1.0,13.315203041086697,0.00010000024524653428,0.21559326188938144,24.451373375952244,1.1339206561047693e-07,1000000.0,0.0,25.0,477428.0
245,246.0,1.135633873530372,3.74737973159668e-05,5.188398194704808e-07,1.0,9.662341104512585,0.00010000121971498466,0.17326871975721758,42.55137801170349,1.4495820236574384e-07,1000000.0,0.0,25.0,616873.3333333334
246,247.0,1.0639670492181457,2.5301027386114512e-05,4.749660135063046e-07,1.0,2.437344001893763,0.0015282731402487815,0.2121200464123234,10.000000059604645,1.799537715233316e-06,1000000.0,0.0,25.0,418948.0
247,248.0,1.0800977061524826,4.597935263205696e-05,4.614891157312962e-07,1.0,11.209975357572397,0.0012323776603671566,0.19916579204186036,10.000008225440979,2.0533168703513983e-07,1000000.0,0.0,25.0,477428.0
248,249.0,1.1267021951357683,3.830691534679913e-05,5.403560621685172e-07,1.0,10.334910085783378,0.0001057692685447198,0.18927932809078385,10.001786589622498,1.7115212486097566e-07,1000000.0,0.0,25.0,477428.0
249,250.0,1.094780044597767,5.2932112225004986e-05,3.7695990038766217e-07,1.0,14.699028179424175,0.011955895050538012,0.24617546155896974,108.61837943643332,1.19989942495033e-10,1000000.0,0.0,25.0,576390.6666666666
250,251.0,1.096029213939493,5.529693898400335e-05,4.077643759046987e-07,1.0,15.659407937558058,0.05503189026472638,0.30940182982821796,10.000003561377525,1.7321725863192895e-07,1000000.0,0.0,25.0,297500.0
251,252.0,1.1221229042230962,4.473624300466561e-05,3.8942536236617184e-07,1.0,11.781886405538884,0.00010000291366707437,0.2280502509857243,10.763253316283226,1.3550494312753738e-07,1000000.0,0.0,25.0,477428.0
252,253.0,1.1348430156320284,6.163166080532887e-05,3.965864910389355e-07,1.0,16.73631251805292,0.0543529727794832,0.2903461099288691,10.00000000745058,1.5576560067951355e-07,1000000.0,0.0,25.0,337982.6666666667
253,254.0,1.0580734097143427,5.8743593379324724e-05,4.055383383876757e-07,1.0,17.158396227216343,0.0005803245108785271,0.22904372570124565,10.00000025331974,1.395413293106074e-07,1000000.0,0.0,25.0,436945.3333333333
254,255.0,1.1666110291727136,6.23923742357067e-05,4.196930279498642e-07,1.0,17.27811005651484,0.00010004322603268667,0.21553823884693202,10.000005714595318,1.8156665841629303e-07,1000000.0,0.0,25.0,436945.3333333333
255,256.0,1.0824225070352016,3.372610576295587e-05,4.6803951970315964e-07,1.0,7.7374875371491925,0.00010000063950965643,0.19750001265108352,85.07398142665625,8.743643103385074e-11,1000000.0,0.0,25.0,616873.3333333334
256,257.0,1.103384189574221,5.095130547714217e-05,4.431534795564047e-07,1.0,13.53883170662391,0.0001014114416661438,0.20608218686508195,70.05972867459059,6.659826311481158e-09,1000000.0,0.0,25.0,576390.6666666666
257,258.0,1.0934631328343916,6.123852870316295e-05,3.385051981627318e-07,1.0,17.759818456737072,0.05938929492478562,0.31910555048511213,10.000087589025497,1.3391989699811384e-07,1000000.0,0.0,25.0,337982.6666666667
258,259.0,1.1096115036457843,4.648651614778877e-05,4.7042101792623146e-07,1.0,13.081928116834355,0.04291941987629261,0.28630831087347985,10.00000312179327,1.8393488036049844e-07,1000000.0,0.0,25.0,297500.0
259,260.0,1.0499533149004219,4.097165267415353e-05,5.062135339423438e-07,1.0,10.445386981137396,0.00010000033213092285,0.21002268262344614,13.17420681566,1.5569161579086346e-07,1000000.0,0.0,25.0,436945.3333333333
260,261.0,1.0721173357905565,4.965428485708008e-05,4.3989339103652414e-07,1.0,13.482506044609572,0.00010000107300961458,0.22202979669386735,10.000009380280972,1.49144614733967e-07,1000000.0,0.0,25.0,436945.3333333333
261,262.0,1.1190242254854965,4.584234441771853e-05,4.829512798262868e-07,1.0,11.260649942791403,0.00010001505215001538,0.19818037419315715,21.285343177616596,2.4319218315209385e-07,1000000.0,0.0,25.0,477428.0
262,263.0,1.1095956935482545,5.234620267426064e-05,3.8639947377375476e-07,1.0,14.265281127839302,0.08668798652394516,0.3187760797160095,10.000247493386269,1.5965324976338808e-07,1000000.0,0.0,25.0,337982.6666666667
263,264.0,1.096877135299365,5.1701886014108386e-05,4.521645014190869e-07,1.0,13.848602350783956,0.00010010873295562828,0.2035162825994803,10.00000487267971,1.715303713778268e-07,1000000.0,0.0,25.0,477428.0
264,265.0,1.1524139899974626,4.3687101082002554e-05,4.120409911668161e-07,1.0,12.218997070190355,0.011988794398227864,0.22638335610704274,10.000047639012337,1.4822823805573293e-07,1000000.0,0.0,25.0,477428.0
265,266.0,1.2469478184053555,4.242934923325805e-05,5.148863234540041e-07,1.0,11.784981029661523,0.0001001781515709288,0.18364091963105977,31.320906475186348,8.681254951773391e-08,1000000.0,0.0,25.0,576390.6666666666
266,267.0,1.1719312274489424,3.2790863006403254e-05,5.000592106366839e-07,1.0,8.390890880575348,0.00010009944609246091,0.21764712439262723,10.000112548470497,1.21920279616341e-07,1000000.0,0.0,25.0,436945.3333333333
267,268.0,1.1396817983306045,3.6250770523904575e-05,4.847600322399677e-07,1.0,9.902752131895397,0.031389498285132156,0.2706899561196323,10.000000342726707,1.2749847299386654e-07,1000000.0,0.0,25.0,337982.6666666667
268,269.0,1.3006889864963622,4.256419723269419e-05,4.621204053310607e-07,1.0,12.326913454647915,0.00010000505181212427,0.18458009441805956,131.68845795840025,5.788340251853879e-11,1000000.0,0.0,25.0,715836.0
269,270.0,1.2133181722776802,5.009794159994604e-05,4.3099436625789345e-07,1.0,13.882602278762455,0.00010000165722678922,0.21618365674424922,104.88448534160852,1.6628370707282014e-10,1000000.0,0.0,25.0,576390.6666666666
270,271.0,1.1749378935322674,3.953036247611723e-05,5.494727318487675e-07,1.0,9.992609770206528,0.00010000081772326697,0.17095431824967733,59.4264710098505,2.7939378498346426e-10,1000000.0,0.0,25.0,616873.3333333334
271,272.0,1.1725164398122945,5.239492992722956e-05,3.968954388353042e-07,1.0,14.260824553025238,0.00010000276864041702,0.20945299440088405,32.990980580449104,9.328064152167319e-08,1000000.0,0.0,25.0,576390.6666666666
272,273.0,1.2677034068292243,4.328215361794617e-05,4.309906788617612e-07,1.0,10.899291043620842,0.00010000059697701236,0.19407163440750708,59.535583309829235,1.4761275971607264e-07,1000000.0,0.0,25.0,616873.3333333334
273,274.0,1.1658804138545462,4.0796296274429876e-05,4.931002476695983e-07,1.0,10.657396621528761,0.00010011475921184454,0.17990034217687878,46.4765216037631,1.073562330958282e-07,1000000.0,0.0,25.0,616873.3333333334
274,275.0,1.1434421728503363,1.329094167630375e-05,2.5357938342344128e-06,1.0,1.6481806726522166,0.0806039153552423,0.3072268312692614,10.000000014901161,1.7434575712634855e-07,1000000.0,0.0,25.0,378465.3333333333
275,276.0,1.1840167817361948,4.380025970314038e-05,4.2987532768431016e-07,1.0,11.006082860321179,0.06326367051536708,0.29562657842857476,10.000000447034836,1.3827211390607196e-07,1000000.0,0.0,25.0,337982.6666666667
276,277.0,1.1725451045130084,3.542386844133422e-05,4.154387720542346e-07,1.0,8.931338339696147,0.00010000019080602662,0.22940467120515962,195.67996409535408,5.870421835950769e-11,1000000.0,0.0,25.0,616873.3333333334
277,278.0,0.9774342067791125,5.66548822938387e-05,3.769306500184388e-07,1.0,15.779941746774888,0.018579863957436604,0.23849619382721698,13.753739528357983,1.6417395339896767e-07,1000000.0,0.0,25.0,477428.0
278,279.0,1.0952896763789992,5.472060573113846e-05,4.361958552835164e-07,1.0,15.2071059240535,0.005900744243468425,0.2414006438741083,10.000001013278961,1.624143635483048e-07,1000000.0,0.0,25.0,378465.3333333333
279,280.0,1.152943276372311,1.724678964291974e-05,4.75469821624589e-06,1.0,1.342874008297379,0.028857389309943193,0.24694577387565886,10.000000037252903,2.390053181916291e-07,1000000.0,0.0,25.0,378465.3333333333
280,281.0,1.201719649694037,6.236183925949299e-05,4.0848800845636536e-07,1.0,16.023735253425272,0.00010004502546051564,0.20541859555887498,10.000006906688213,1.9127417778464135e-07,1000000.0,0.0,25.0,477428.0
281,282.0,1.0531429596597193,5.295208849081142e-05,4.685783339483272e-07,1.0,14.416137148984845,0.00010000009628646778,0.20125252677240013,91.0876699835062,1.5362205546648705e-08,1000000.0,0.0,25.0,576390.6666666666
282,283.0,1.1466899714475225,4.629381393971827e-05,3.915404884818888e-07,1.0,11.964494340797714,0.09141975352320114,0.32368374630261343,10.000050663948059,1.4641111060817712e-07,1000000.0,0.0,25.0,337982.6666666667
283,284.0,1.088221643943179,6.560902607565593e-05,4.847110855404842e-07,1.0,19.825064059135514,0.00010131634024596048,0.2047346936168708,10.000419989228249,1.8484958060487912e-07,1000000.0,0.0,25.0,436945.3333333333
284,285.0,1.1027790358736071,2.6408156981163158e-05,4.668183320997749e-07,1.0,5.091084338782615,0.0001001210346462389,0.18891693948185662,16.62865661084652,9.286271828203087e-07,1000000.0,0.0,25.0,517910.6666666667
285,286.0,1.1776689096289827,3.4728099937097873e-05,5.20219100812446e-07,1.0,8.754030642184283,0.00010000012997080088,0.19070145531298266,132.22599279880524,3.935884302800957e-11,1000000.0,0.0,25.0,616873.3333333334
286,287.0,1.2182122142522516,3.605237561398464e-05,4.620886477260853e-07,1.0,9.126704231132841,0.00010000112919328341,0.18498031846491614,22.695536769926548,1.238424428523269e-07,1000000.0,0.0,25.0,616873.3333333334
287,288.0,1.0462960896541258,5.42952714081356e-05,3.5139079349308296e-07,1.0,16.1211802702702,0.0003226873979008671,0.22796434511732144,12.437480553984642,1.451428724979844e-07,1000000.0,0.0,25.0,517910.6666666667
288,289.0,0.9638908458218544,5.58052485928501e-05,4.111313443821071e-07,1.0,14.537012032352187,0.00010501397213669161,0.22370153636701673,10.000280983746052,1.6664088197309917e-07,1000000.0,0.0,25.0,436945.3333333333
289,290.0,1.0622460984177555,6.314707096456712e-05,3.8172991869203903e-07,1.0,16.129578150596885,0.02885257162950572,0.23287196702671054,12.345419503748417,1.9621214619783528e-07,1000000.0,0.0,25.0,477428.0
290,291.0,1.07995176679785,3.9802391586073906e-05,4.6828704067775577e-07,1.0,10.82403467376588,0.022539273249690295,0.22257850203736496,11.1197345033288,1.321209955087966e-07,1000000.0,0.0,25.0,477428.0
291,292.0,1.1723261636786795,4.678758320563405e-05,5.205801357502181e-07,1.0,12.606783691632728,0.00010012563711081501,0.17825456999207034,10.000052966177464,2.1974162656396534e-07,1000000.0,0.0,25.0,517910.6666666667
292,293.0,1.1193730414038765,5.222104060426993e-05,3.6497047003268925e-07,1.0,14.828168526620658,0.07580506376157525,0.3389911704634727,10.000036619603634,1.445088603654833e-07,1000000.0,0.0,25.0,297500.0
293,294.0,1.1226222330790305,3.783297871800718e-05,4.753262994885594e-07,1.0,9.59058049413428,0.013999705053923894,0.24146440536688374,10.000639848411083,1.898766165969875e-07,1000000.0,0.0,25.0,378465.3333333333
294,295.0,1.041075480644118,5.5394530455026684e-05,3.781428180133517e-07,1.0,14.527278882661442,0.004019929778858233,0.22810656097443172,24.372014589607716,1.0080477784809748e-07,1000000.0,0.0,25.0,517910.6666666667
295,296.0,1.1110832117283855,4.1381796920911154e-05,4.682350151503421e-07,1.0,10.428019457899211,0.00010000063907267265,0.18403149367270544,37.698058389127254,8.407657297609017e-08,1000000.0,0.0,25.0,616873.3333333334
296,297.0,1.0633865020039615,5.8827738119808246e-05,3.4533426234411294e-07,1.0,16.094883856307277,0.07481254743304627,0.3263495957106599,10.000000081956387,1.3087503149103224e-07,1000000.0,0.0,25.0,337982.6666666667
297,298.0,0.9987512873215884,4.399053024765068e-05,4.7041954670698044e-07,1.0,11.280155349702547,0.0001001800273693898,0.21033884366923417,10.000025115907192,2.1973326919695472e-07,1000000.0,0.0,25.0,436945.3333333333
298,299.0,1.1636753017518107,3.4320536441219716e-05,4.96599730859033e-07,1.0,8.096254728937147,0.00010000004628435422,0.1761290337930319,30.552356123924255,1.5441919713801282e-07,1000000.0,0.0,25.0,616873.3333333334
299,300.0,1.1105470326233469,3.662876916613898e-05,5.382470732010443e-07,1.0,8.446243875365212,0.00010000046620484149,0.16606590717748304,42.979955829679966,1.1259545601922428e-07,1000000.0,0.0,25.0,616873.3333333334
