,Resample,RMSLE,p,k_V,c_V,r,k_T,d_T,K,T_0,V_0
0,1.0,0.8801253702671915,5.132958293781108,1200000.0,1.7515453699996867e-06,0.2768725974697759,2068.468503214419,0.08333266159731895,1.8630117012329245e-07,909615.6,25.0
1,2.0,1.0562956346720387,5.336405173141642,1200000.0,1.929070286330685e-06,0.2499446181156486,2110.452807120979,0.0775151297254646,2.1528362907762558e-07,946546.4,25.0
2,3.0,0.975784427791104,5.084351488382218,1200000.0,1.4878895271235038e-06,0.29218443055892607,4101.52684378624,0.07813049958841067,2.475990451140367e-07,909615.6,25.0
3,4.0,0.9859440391747797,4.886683719918928,1200000.0,1.654849891465711e-06,0.26376505456939014,2780.961436830461,0.06954074109710734,2.0913631320965267e-07,978771.6,25.0
4,5.0,0.9402853196011474,5.312359277158194,1200000.0,1.5661598642285223e-06,0.2620965351986655,1944.6616282612085,0.09297924196365925,2.414703113314852e-07,1007467.6,25.0
5,6.0,0.9258307367097016,4.69749832233812,1200000.0,1.5383482734434347e-06,0.325966694637124,4825.923802062869,0.08115364657145718,2.2324000197836835e-07,798966.0,25.0
6,7.0,0.9494995833210838,5.184494393385421,1200000.0,1.6075331450888679e-06,0.2799530567642705,2937.311076387763,0.0867603397191486,1.909729975185101e-07,999232.8,25.0
7,8.0,0.9804552633432332,4.583290410539291,1200000.0,1.389564988542438e-06,0.30160928112849206,3796.775326035917,0.08660856221158575,2.412668706117162e-07,946546.4,25.0
8,9.0,0.9877467046689766,5.045667231276234,1200000.0,1.663871836383917e-06,0.27647235706849926,2882.4411721751094,0.07356466442754211,2.208342350057906e-07,906657.6,25.0
9,10.0,1.0119914478695962,4.924894093135904,1200000.0,1.5455860974857767e-06,0.28815295328774937,2814.0447483733296,0.0840260576893786,2.498731270877242e-07,888583.2,25.0
10,11.0,0.8681080724420022,5.067788850630528,1200000.0,1.4900892529166022e-06,0.2995654133976515,2401.595596395433,0.09726001932839984,2.2857906932756205e-07,883877.6,25.0
11,12.0,0.9646817059311948,4.903880774630736,1200000.0,1.579568426523549e-06,0.29571908506571276,3315.766476005316,0.07986024792578378,2.3674115697191821e-07,856929.2,25.0
12,13.0,1.037553823262493,5.121443161783056,1200000.0,1.7218163710506953e-06,0.2684477128853686,5720.17638310045,0.05076832047180346,2.483614321027204e-07,925514.0,25.0
13,14.0,0.9909059258662534,5.1927524492946375,1200000.0,1.5418661162967359e-06,0.26480571864105684,4205.792266502976,0.06431416849076826,2.677865392379991e-07,983477.2,25.0
14,15.0,0.7651827288057068,5.047854569289562,1200000.0,1.5026826340126237e-06,0.2911648549100292,3000.6286044344306,0.0835878710843232,2.4870686528436555e-07,890902.0,25.0
15,16.0,1.0904381001516736,5.191621204117588,1200000.0,1.570388464155422e-06,0.2590544177468317,3778.781894698739,0.06895388544123521,2.484076904178174e-07,1033205.6,25.0
16,17.0,0.9520539368361453,5.1630201951416055,1200000.0,1.6850731176490491e-06,0.2712896825294706,4543.080171525478,0.061930660423907435,2.2964925390008022e-07,943588.4,25.0
17,18.0,0.9463563394635466,5.266445524810877,1200000.0,1.657766653200323e-06,0.2779074206994636,2660.1998599916697,0.08362162674458606,2.2956297657949234e-07,909615.6,25.0
18,19.0,0.9058931526680475,5.0018957746871,1200000.0,1.5536451531390316e-06,0.2880242216481861,3214.869156241417,0.0882022503725649,2.1682428855668805e-07,959486.8,25.0
19,20.0,0.9397168682633922,4.641260571331159,1200000.0,1.3262434441059458e-06,0.3228863049913713,2949.8680710345507,0.09737402753923557,2.250327369099494e-07,869869.6,25.0
20,21.0,0.9489575998714214,5.137843624883985,1200000.0,1.7350585197780088e-06,0.2568415718729966,2389.1814004406333,0.0667808660420498,2.461454063274111e-07,914892.4,25.0
21,22.0,0.9204913209977905,5.083036636051531,1200000.0,1.5051989650286703e-06,0.27591865695032425,3324.3690366223454,0.07911213643213544,2.643810538704739e-07,946546.4,25.0
22,23.0,1.0018378314284522,5.074958070290279,1200000.0,1.5102653574104673e-06,0.2722214283691642,3363.5108728706837,0.07415291317540207,2.40724280847548e-07,975242.4,25.0
23,24.0,0.8669847076629804,4.934864953802688,1200000.0,1.5834075679891185e-06,0.298493107202205,2218.3473585620522,0.09607212526463971,1.884450569024227e-07,901523.6,25.0
24,25.0,1.0359042320759824,5.078233075707175,1200000.0,1.5080784832560945e-06,0.277088737869299,3370.840304456651,0.07615174469112596,2.247623651977751e-07,986435.2,25.0
25,26.0,0.9641625653384518,4.561431740570889,1200000.0,1.3784715350686607e-06,0.3247972297450943,3342.5224652439356,0.08981189475007084,2.397504201036971e-07,819998.4,25.0
26,27.0,0.8651392946673302,4.767844536269671,1200000.0,1.5458933055923594e-06,0.3170954120995688,3434.9814546108246,0.08933507152848336,1.9195274948401457e-07,851652.4,25.0
27,28.0,0.9862662353056716,5.417793182531781,1200000.0,1.5559627527953068e-06,0.26589558094964616,2286.2116342410445,0.09156203459662615,2.6886630016060615e-07,967578.8,25.0
28,29.0,0.9804441994809271,4.438268359736725,1200000.0,1.2863984851957624e-06,0.33139183523700666,4499.903396382928,0.08991692027405523,2.441854317247505e-07,885625.2,25.0
29,30.0,0.9379455909203689,5.108696034858944,1200000.0,1.6486524599219687e-06,0.26707384446702775,4565.261578962207,0.0625500601003312,2.5591769329472435e-07,954781.2,25.0
30,31.0,1.085175923750204,5.147224211652166,1200000.0,1.6103537370440983e-06,0.2707725407900483,2608.2617069110274,0.08803962623172717,2.2937929289560153e-07,980519.2,25.0
31,32.0,0.8341124246532207,5.111395331572318,1200000.0,1.6348427584898098e-06,0.28269602202178845,2020.4514928087592,0.08782664811155982,2.3022931329695097e-07,880919.6,25.0
32,33.0,1.0140211468802938,5.475881496910162,1200000.0,1.6362784892677277e-06,0.26318572546250607,2418.0121624842286,0.0878143122341759,2.053164886155228e-07,1036163.6,25.0
33,34.0,1.0125844777186113,5.1459904902050155,1200000.0,1.7525225646571475e-06,0.2683234318692982,4025.415228098631,0.0668404946531162,2.0806593748130716e-07,975242.4,25.0
34,35.0,0.9676839841617477,5.391383740363409,1200000.0,1.6787099360788776e-06,0.2535631788389665,1966.5093748643994,0.07894050724459373,2.1999103189230493e-07,999232.8,25.0
35,36.0,1.0053281936939846,5.456699640677236,1200000.0,1.6353372023738934e-06,0.26170131128202456,3024.019822470844,0.07981329816890975,2.4643304232923333e-07,996274.8,25.0
36,37.0,1.107175492363659,5.009636667151113,1200000.0,1.6520106739461126e-06,0.28305814849404953,2559.432772874832,0.08356633638903221,2.2843807714577878e-07,885625.2,25.0
37,38.0,1.0339512058872355,4.455221171728169,1200000.0,1.2966803181613799e-06,0.3280525082575778,4700.045893669128,0.08584408430042967,2.400733061413808e-07,888583.2,25.0
38,39.0,1.0556134455750585,5.948599505135007,1200000.0,1.7791095836283292e-06,0.23596291301052474,3562.6078917086124,0.06795057112174735,2.7996351144624846e-07,1025542.0,25.0
39,40.0,1.071297167556073,5.401815852309987,1200000.0,1.6514109490497206e-06,0.25939016095280465,2616.6172589212656,0.08381771344401545,1.954876148084898e-07,1063112.0,25.0
40,41.0,0.8811240854613086,4.969453060663042,1200000.0,1.4799957989724053e-06,0.3012635273608453,3494.8514855206013,0.08776323540772513,2.4588940006285676e-07,890902.0,25.0
41,42.0,1.073636907555748,4.982049493040925,1200000.0,1.8343385451925407e-06,0.27689491714041026,3614.112007781863,0.06760030142445839,1.8612620739473566e-07,909615.6,25.0
42,43.0,1.0391188668301716,5.209435937646276,1200000.0,1.5102139033487528e-06,0.2698746095251039,3802.9703598096967,0.0766577104673597,2.440973931305338e-07,1027928.8,25.0
43,44.0,1.0002749445490595,4.876820310687634,1200000.0,1.4798456489601629e-06,0.28644193431388487,4549.214876577258,0.06837849348202751,2.460287883011944e-07,935924.8,25.0
44,45.0,0.9587494401985959,4.721782057763718,1200000.0,1.58458078786711e-06,0.29248199970253097,4229.6176289618015,0.06872086357894408,2.5228213489611077e-07,859887.2,25.0
45,46.0,0.8835313001947397,4.763107867329218,1200000.0,1.591053734109595e-06,0.3015745017261864,3034.7302153110504,0.07623045470826983,2.198505989388377e-07,817040.4,25.0
46,47.0,1.0383362021470735,5.282607632125554,1200000.0,1.4511647560561661e-06,0.27357638413798924,2705.4590148851275,0.09052443425957185,2.329566348149636e-07,1036163.6,25.0
47,48.0,0.9696595068721556,5.037147054905127,1200000.0,1.3671538874768198e-06,0.2883275744862459,3527.0842810571194,0.09047499629480749,2.209628126098259e-07,1060154.0,25.0
48,49.0,0.911343654306372,4.62442205532885,1200000.0,1.4497836200617965e-06,0.30319000665933515,2444.6787454113364,0.09096293299658509,2.043890600417721e-07,906657.6,25.0
49,50.0,0.9668474090366034,5.204255867766669,1200000.0,1.57756182479757e-06,0.27867647393924955,4122.995345547795,0.06918127968394322,2.2672810149355346e-07,959486.8,25.0
50,51.0,1.0022276456897474,4.925231804164767,1200000.0,1.6049007290752429e-06,0.2954884990603759,2667.5917382389307,0.08655541601783251,1.951532506219372e-07,893860.0,25.0
51,52.0,1.051936420142063,5.315579005963585,1200000.0,1.6973175846677255e-06,0.2652125318561147,3063.214980684221,0.0830502221167142,2.184102376204551e-07,1004509.6,25.0
52,53.0,1.0975222851545552,5.055569295618248,1200000.0,1.9259577635659858e-06,0.29532054034392985,1579.6401320174336,0.10041008113946354,1.0821592298308595e-07,864592.8,25.0
53,54.0,0.9776181154154879,5.200306307296792,1200000.0,1.7469745685043137e-06,0.2628923812541544,2931.7304431051016,0.07150548574693422,2.2632949452381566e-07,941269.6,25.0
54,55.0,0.9387106238130315,5.440462545569481,1200000.0,1.6554000366438086e-06,0.2583351994060621,3794.0736258104444,0.05561073123387178,2.787077969481876e-07,909615.6,25.0
55,56.0,0.9861070590585492,4.862686749890926,1200000.0,1.7236188116561766e-06,0.2991821365616616,1918.607791274786,0.09812104866063837,1.836479701009032e-07,835896.8,25.0
56,57.0,1.0643918864884643,5.263574660720451,1200000.0,1.6258745783084749e-06,0.24480604251971272,2971.3989045470953,0.06945262189004159,2.449144143508859e-07,1067817.6,25.0
57,58.0,0.8526938657486471,5.214905924775678,1200000.0,1.7051555078541369e-06,0.27137674432433556,1605.428996130824,0.08806490127596328,2.1153239101419022e-07,909615.6,25.0
58,59.0,1.0022778443537388,5.596979364801427,1200000.0,1.8221257549209187e-06,0.24697325238757628,4954.063247054815,0.05831504643611091,2.385649053681364e-07,1033205.6,25.0
59,60.0,1.0938712588546586,5.2193525272128625,1200000.0,1.5655096528648828e-06,0.25320470668878414,3014.9865524992347,0.07271758528363442,2.401408788996488e-07,1057196.0,25.0
60,61.0,0.9032827000388133,4.8016695144789665,1200000.0,1.5288741012647273e-06,0.3052845481979105,3569.034229591489,0.07724590404908566,2.3459041229843575e-07,827662.0,25.0
61,62.0,0.8721291937496751,4.832560721779117,1200000.0,1.448335888683055e-06,0.30949381736228787,6417.163128629327,0.07465767608784352,2.664435262932617e-07,909758.4,25.0
62,63.0,0.8937876080418414,4.513995928132324,1200000.0,1.4053804930895208e-06,0.34232692064475145,3680.504339553416,0.09171539509835308,1.9816505457910852e-07,798966.0,25.0
63,64.0,0.9851005997482248,4.907120535885653,1200000.0,1.389463694995571e-06,0.2955782155972031,3788.144273392856,0.07754568531964157,2.6497602442562417e-07,909615.6,25.0
64,65.0,1.0194796453426163,5.352322760509068,1200000.0,1.5610933380723387e-06,0.2711430947401823,2977.803185030818,0.08376997076675724,2.2764651682228594e-07,1002190.8,25.0
65,66.0,1.0297375420006605,5.00817537680701,1200000.0,1.4739195037502312e-06,0.27930132405048624,4076.857079088688,0.08041743604927393,2.3731726598743256e-07,1031458.0,25.0
66,67.0,0.8813175459007448,4.921489782573843,1200000.0,1.4454278691691761e-06,0.30625055574983406,2736.968361005187,0.09303844764561647,2.1496785259359e-07,890902.0,25.0
67,68.0,1.059806645449621,5.066680262265336,1200000.0,1.5645081034397688e-06,0.27906779096825574,3504.47468213737,0.08193542342608134,2.3378422796247914e-07,973494.8,25.0
68,69.0,1.0124760925577436,5.205787955106999,1200000.0,1.4544639556586511e-06,0.2701770998311801,5178.828747533262,0.06598670958181257,2.458292846320011e-07,1063112.0,25.0
69,70.0,0.8899582169810628,5.024176246945245,1200000.0,1.465284171618298e-06,0.2948265335747564,4710.551960892975,0.07749974979259616,2.394761237146687e-07,946546.4,25.0
70,71.0,0.9825733728765117,4.769659937485699,1200000.0,1.3388701081514567e-06,0.31021038618845154,3540.5927914083004,0.09599992830545034,2.469847306247442e-07,935924.8,25.0
71,72.0,1.038017630277667,5.070367739801561,1200000.0,1.6116074477156179e-06,0.27918604953377013,4582.778823651373,0.07073142637290214,2.289930691754273e-07,972855.6,25.0
72,73.0,0.9553506416907553,4.637990648144331,1200000.0,1.3838921596720703e-06,0.3096252108144526,3640.7359637990594,0.08703401463217253,2.4195712550606214e-07,893860.0,25.0
73,74.0,0.8821187080045136,4.938896420375926,1200000.0,1.74166613859699e-06,0.2913075162167331,3807.2424790784717,0.07603498156904126,1.9010540587461754e-07,896818.0,25.0
74,75.0,0.83943935675868,5.253873577162999,1200000.0,1.6971781669061087e-06,0.27063311772037224,2478.7404708713293,0.08498549386790244,2.1851235366337156e-07,949504.4,25.0
75,76.0,0.9783839007680601,5.158653423148927,1200000.0,1.8915989818138685e-06,0.2636312063889221,1875.9045216590166,0.07042171844137174,1.78613377466871e-07,885625.2,25.0
76,77.0,1.1133603202119478,5.312145247821611,1200000.0,1.6333900364724828e-06,0.2442058491652901,3542.550047390163,0.06886485288297733,2.3524886053702957e-07,1120504.0,25.0
77,78.0,0.9809463664830097,4.651202008489065,1200000.0,1.3209667245301737e-06,0.316903623078872,3198.3549307733774,0.08941051896998586,2.243203111035449e-07,885625.2,25.0
78,79.0,0.9002639301121982,4.786766424011425,1200000.0,1.593149163983699e-06,0.29002037816669457,2657.052827335894,0.08097336951629652,2.5091101273764556e-07,835896.8,25.0
79,80.0,0.879163764354663,4.882892374089629,1200000.0,1.4176947780148818e-06,0.3172651228067238,3577.408250808716,0.09367672272919148,2.599611039713436e-07,835896.8,25.0
80,81.0,0.948699233183387,5.161978418878562,1200000.0,1.4926630025257563e-06,0.29610401438606715,4531.020950637758,0.07664690856222262,2.3794150440581484e-07,922556.0,25.0
81,82.0,1.038083214435109,5.343472592405803,1200000.0,1.85319054845978e-06,0.25738880756053106,4114.512037701905,0.06308541370669052,2.3225121239897362e-07,946546.4,25.0
82,83.0,0.9562113848927244,4.522504775882339,1200000.0,1.4603860455875289e-06,0.3231802796347125,3795.4530612379313,0.08422609344384496,2.385089238198887e-07,798966.0,25.0
83,84.0,1.0327837566587659,5.419859700655422,1200000.0,1.8115745066686243e-06,0.2531980531531488,2254.200523585081,0.07892434366579637,2.1909317821445156e-07,978200.4,25.0
84,85.0,1.0244157531904334,4.826991341658996,1200000.0,1.2649796016560657e-06,0.31555864163114933,3628.2296110764146,0.09580787038315364,2.2202587922278165e-07,967578.8,25.0
85,86.0,1.0548038564877322,4.715183968148864,1200000.0,1.406310904366806e-06,0.29630288686825423,2399.0153471753,0.09408522275758846,2.1379507440523845e-07,949504.4,25.0
86,87.0,0.8760257762750998,5.505814436069919,1200000.0,1.7143014799411474e-06,0.2518559590945202,3592.8745387643576,0.05965568134823995,2.758456938145785e-07,941840.8,25.0
87,88.0,0.966211260248122,4.936342528919056,1200000.0,1.381778452486309e-06,0.28219161664151926,4153.782014802098,0.07654736508096832,2.389955951840602e-07,1036163.6,25.0
88,89.0,0.87361677159355,5.092996587047004,1200000.0,1.515055536243554e-06,0.2842162613755903,2887.219463072717,0.08517965535448624,2.5549682084768965e-07,906657.6,25.0
89,90.0,1.0542984151196557,5.332981169396469,1200000.0,1.8217586711538015e-06,0.2662243069683612,2913.426407158375,0.07683098158881835,2.0077790834955754e-07,938311.6,25.0
90,91.0,0.7817059611836358,4.553580898901224,1200000.0,1.477208687673668e-06,0.3148547239498214,2435.388826407492,0.09795213362086636,2.112498619383788e-07,856929.2,25.0
91,92.0,1.0615052414893813,5.316083688808,1200000.0,1.7354781661791199e-06,0.2500246666816395,2369.118672631681,0.0832154900383763,2.031773809122093e-07,1064859.6,25.0
92,93.0,1.0362408313767306,5.461532773271138,1200000.0,1.7585330453761823e-06,0.24593150388399465,2753.770371094346,0.06653726848909725,1.9396740180913498e-07,1060154.0,25.0
93,94.0,0.9541053975533109,4.859693421986414,1200000.0,1.5894807812461624e-06,0.29467014047540374,3211.3497849702835,0.08914817478402515,2.1517606119605547e-07,914892.4,25.0
94,95.0,0.9933909005845143,5.376472891948268,1200000.0,1.639548290498516e-06,0.27796554189401235,2181.186862207949,0.09477213867255013,2.1196376310310487e-07,954210.0,25.0
95,96.0,0.8261160639861486,4.983095145673786,1200000.0,1.4966243006970495e-06,0.30025921340959627,2325.463956862688,0.09469008014733304,2.1381146037197964e-07,888583.2,25.0
96,97.0,0.9996576650669772,5.190773409020785,1200000.0,1.6409951355603723e-06,0.2853445434362598,4497.676489844918,0.0754551415550116,2.164950394301359e-07,946546.4,25.0
97,98.0,0.9175207239539108,5.815941672563412,1200000.0,1.789704450277963e-06,0.23769977489263283,2677.334159590304,0.07367362368939134,2.1898061036275087e-07,1085892.0,25.0
98,99.0,0.9546258323092833,4.799820495523413,1200000.0,1.378290034498296e-06,0.2814405230518773,2449.396138623357,0.09689417281367041,2.1591057060955872e-07,1063112.0,25.0
99,100.0,1.0237953993988078,5.687310479884253,1200000.0,1.8130987021772884e-06,0.24595079094275007,3103.682187691331,0.0678462313925548,2.3290214054102923e-07,1002190.8,25.0
100,101.0,0.9113317159760392,4.847000740736043,1200000.0,1.5405119080182691e-06,0.2850121336818461,3140.1778384670615,0.08043174550642584,2.524946653382831e-07,906657.6,25.0
101,102.0,0.9859485183509928,5.13121113512247,1200000.0,1.6526461198140683e-06,0.2751827900983983,2459.1930673718452,0.08739913661784221,2.2271535893982162e-07,941840.8,25.0
102,103.0,0.9885424466963669,5.261889771432827,1200000.0,1.641281611811439e-06,0.27883407682757166,2615.367443189025,0.08258354206877505,2.1170568405323422e-07,922556.0,25.0
103,104.0,0.9457791918201368,4.668774783976808,1200000.0,1.4471423815456014e-06,0.28045653364881673,2540.566221423447,0.07564954910927701,2.23735612920669e-07,970536.8,25.0
104,105.0,0.9734321114802652,5.473512326450681,1200000.0,1.8011418952777392e-06,0.24199036635575766,2700.361283838749,0.06706607536618736,2.177524138189478e-07,1036163.6,25.0
105,106.0,0.851639311272433,5.171767800150469,1200000.0,1.6053521069041217e-06,0.2733847381378567,3867.1569040566683,0.06877280820211606,2.4391267183782847e-07,938882.8,25.0
106,107.0,1.0489100177724562,4.737850711931074,1200000.0,1.3413731111226385e-06,0.30395589917348786,4391.530058264732,0.08311537223184906,2.4303766923085735e-07,964620.8,25.0
107,108.0,0.9579653409810499,4.849105797741736,1200000.0,1.6329728009224518e-06,0.28912169452010517,2028.1145420148969,0.09269194574880396,2.0212192047579962e-07,893860.0,25.0
108,109.0,0.9701536712645328,5.04452388471293,1200000.0,1.6571125132011497e-06,0.27329515453232744,2796.580477014184,0.0780586615412397,2.3879932176148994e-07,909615.6,25.0
109,110.0,0.9840068495850417,4.865618511278839,1200000.0,1.6978845362124106e-06,0.2843046443661805,2424.8734886199236,0.087355368008949,1.9482213367544011e-07,912573.6,25.0
110,111.0,0.9840275784229366,5.049201553968935,1200000.0,1.5680198697137396e-06,0.2784300756247191,2642.9329835548997,0.09093773912972358,2.6533882923166516e-07,917850.4,25.0
111,112.0,1.0026791662701022,4.9043797975632515,1200000.0,1.7103264663547523e-06,0.27622085599666235,3100.7359625399113,0.07138066456506353,2.064441469817909e-07,914892.4,25.0
112,113.0,0.9852296562952338,5.5278556618002455,1200000.0,1.606909233052731e-06,0.25768208272051396,5946.79755795747,0.05218624051012127,2.7956610345925047e-07,999804.0,25.0
113,114.0,1.1218674264548598,5.045506688057145,1200000.0,1.7722525893001392e-06,0.2741989894715857,2766.048021018505,0.08075167073083978,2.3410440423334434e-07,888583.2,25.0
114,115.0,1.0514925786809846,5.104617295214531,1200000.0,1.5721723970879903e-06,0.280340988899205,3431.0150189101696,0.08556606807001882,2.1988211160024165e-07,986435.2,25.0
115,116.0,0.9405363948156977,5.223432663402349,1200000.0,1.5359270488681434e-06,0.27903969099787673,4337.473711676896,0.07021162050931556,2.3330576574017678e-07,967578.8,25.0
116,117.0,1.002203343437543,4.858687307888637,1200000.0,1.4127673421984824e-06,0.3030012946083005,3172.2676583603024,0.09299504589255514,2.2961829346865027e-07,938882.8,25.0
117,118.0,1.1080469034473048,4.916529970338587,1200000.0,1.4929439873052742e-06,0.2876813554878197,3182.605843439698,0.0896780267585191,2.197509167692078e-07,986435.2,25.0
118,119.0,0.8409000640601884,4.727266541298604,1200000.0,1.5732917953919872e-06,0.31171707855213526,4768.3861083984375,0.07842455403047449,2.2375122113207473e-07,853971.2,25.0
119,120.0,1.0760825609463682,5.122443458506567,1200000.0,1.6003346494449468e-06,0.2705414276118887,2800.921382419765,0.0781447519102077,2.055565847913806e-07,1001551.6,25.0
120,121.0,0.8006612924362423,4.930088230705316,1200000.0,1.5691764168817996e-06,0.29391903020367494,1825.0702072903514,0.09686688788273634,2.0754511537459904e-07,885768.0,25.0
121,122.0,0.9891593430660222,5.551435006334678,1200000.0,1.631568905575547e-06,0.24542854663472013,3072.381113834679,0.07328680248105263,2.5627310873077244e-07,1060154.0,25.0
122,123.0,0.9399631272101626,5.413169748070096,1200000.0,1.691312172159143e-06,0.251568826233715,2239.4064554944634,0.0682397157528869,2.694095895244272e-07,920808.4,25.0
123,124.0,0.9906445109342851,5.121663224985369,1200000.0,1.5692951583208306e-06,0.2719464031944909,3365.0152738541365,0.07378621254863371,2.3798988977586624e-07,969897.6,25.0
124,125.0,0.9801306300853229,4.8860846618518465,1200000.0,1.8177655218243633e-06,0.32388120978387747,2190.1492008417845,0.09906630396056904,9.013891827530787e-08,819998.4,25.0
125,126.0,0.8661136226664187,4.437276583382278,1200000.0,1.4291839342752368e-06,0.33468270195602656,5801.6304066851735,0.08382436926588971,2.548249146206287e-07,832938.8,25.0
126,127.0,0.9061047945790665,4.80849969507932,1200000.0,1.4061327137963528e-06,0.3017601832977306,4407.567309290171,0.0810996223131889,2.5619824750122526e-07,917850.4,25.0
127,128.0,0.902259904164601,4.936592116550052,1200000.0,1.4281226068243248e-06,0.3003478884264581,3313.145876251161,0.08448704468711515,2.418280696059335e-07,888583.2,25.0
128,129.0,1.007596546834906,5.367803677547464,1200000.0,1.6168832765626218e-06,0.25169990368830497,3152.4015312492847,0.07117884094023769,2.469054694638229e-07,1036163.6,25.0
129,130.0,0.9541882310127512,5.165916773364685,1200000.0,1.4983946937388787e-06,0.27360730816326395,3663.5663161054254,0.0752979358534831,2.6365042554891776e-07,967578.8,25.0
130,131.0,1.0379704526753468,5.192846972787528,1200000.0,1.4714330641614696e-06,0.27114340682106075,2177.089950248599,0.09135190979730395,2.3789203215550316e-07,1004509.6,25.0
131,132.0,0.9989466553192987,5.552499497363662,1200000.0,1.6602315060659597e-06,0.24168213381004477,2220.4030128121376,0.08417910883191898,2.191911534341111e-07,1117546.0,25.0
132,133.0,0.9604020876670696,5.0774240464280425,1200000.0,1.6155956994740937e-06,0.28135737379508896,1929.8545864149928,0.09595253093425432,2.1116404382010142e-07,930790.8,25.0
133,134.0,0.8975867413334179,4.992400205928007,1200000.0,1.4288307002919e-06,0.29970680266723093,2383.333403609693,0.09066707117742073,2.0710232392374126e-07,917850.4,25.0
134,135.0,1.0210916190888395,5.210117858023466,1200000.0,1.609407781615208e-06,0.26251234810080604,3525.606138214469,0.07390406305733155,2.477277266208999e-07,1004509.6,25.0
135,136.0,0.9639964167586126,5.137085127711842,1200000.0,1.5427035833935659e-06,0.2778024104741519,3297.133980937302,0.08005653362164328,2.3566762001797826e-07,970536.8,25.0
136,137.0,0.9909013379194297,4.8788756949864975,1200000.0,1.4436536998857255e-06,0.29306038111209887,2553.753139190376,0.09143121802394544,2.0461429062966193e-07,967578.8,25.0
137,138.0,1.1627827011222245,5.011911605070502,1200000.0,1.40996012448444e-06,0.27843612023526276,3853.9763252437115,0.08396373980692667,2.4533298577515174e-07,1060154.0,25.0
138,139.0,1.057270150977701,5.1514784596059116,1200000.0,1.652180562762337e-06,0.2695083328061969,3817.6951759904623,0.07050820106431849,2.5804266810748095e-07,938311.6,25.0
139,140.0,1.031113004668853,5.474937722570125,1200000.0,1.6748168794143765e-06,0.2511333108378295,3972.7954966425896,0.06743777408423274,2.466103004746781e-07,1036163.6,25.0
140,141.0,0.9336293462753815,5.621215679414476,1200000.0,1.679946653069873e-06,0.252212674920969,2586.8738556578755,0.08047984683529241,2.4882510341285504e-07,1002190.8,25.0
141,142.0,1.052158346598352,5.095213001235933,1200000.0,1.497494723797989e-06,0.26800336638225275,3031.1092898249626,0.07861259776086904,2.635572191974267e-07,986435.2,25.0
142,143.0,1.002849551701676,4.7882612354631675,1200000.0,1.3957742968513293e-06,0.2952640435921552,3792.5409616678953,0.07972038586530145,2.3230814557503594e-07,957739.2,25.0
143,144.0,1.014014918018013,5.33103328721991,1200000.0,1.6767899146490943e-06,0.2557991382298468,3253.9601752981544,0.07516488279773409,2.4440514828959144e-07,1006896.4,25.0
144,145.0,1.0517282366951957,5.288033986540938,1200000.0,1.547645114726718e-06,0.25354516893673207,3304.586004078388,0.06633075241429992,2.604924628043487e-07,1031458.0,25.0
145,146.0,0.9542939646438275,5.204069142654518,1200000.0,1.5891655376157275e-06,0.27867160996036944,2920.944151394069,0.0736857326539429,2.604023814062583e-07,875003.6,25.0
146,147.0,0.9679953007562089,4.763013958185674,1200000.0,1.4612030672303878e-06,0.2879666725187846,2793.2893877103925,0.08509022757598284,2.128204703225525e-07,980519.2,25.0
147,148.0,1.040957412074302,5.6073697747852265,1200000.0,1.7821749906992017e-06,0.2450754817108276,2609.414346449077,0.06364710239422561,2.3568341894511334e-07,978200.4,25.0
148,149.0,0.9993877346098107,5.130131148182208,1200000.0,1.4306052677800607e-06,0.2648396407132054,4041.869824372232,0.06808491834097752,2.5468683302012663e-07,1063112.0,25.0
149,150.0,1.0116957745830784,4.798084874763617,1200000.0,1.3365822710473998e-06,0.297329219182096,2419.3455146104097,0.09712817418677272,2.1595923178507773e-07,980519.2,25.0
150,151.0,0.9738189620598198,4.835526863094451,1200000.0,1.3040133990228374e-06,0.3149870475365475,4368.832440763712,0.09254352777486002,2.286861482124174e-07,967578.8,25.0
151,152.0,1.0051536633896672,5.0785680552179855,1200000.0,1.8360183927487844e-06,0.27507790619994665,809.8334659636021,0.10829562560785311,1.1517027895111058e-07,954781.2,25.0
152,153.0,0.9914271607591411,5.432479404564482,1200000.0,1.796464016634755e-06,0.25534568340187036,4419.693437308073,0.0616548509367561,2.4274901663361045e-07,983477.2,25.0
153,154.0,0.9248048758050634,5.400429090443929,1200000.0,1.602070917008996e-06,0.25702790787577356,2257.185911409557,0.09151375249703075,2.3243775857335539e-07,1060154.0,25.0
154,155.0,1.075161613594174,5.096285832789661,1200000.0,1.3830632503025481e-06,0.2904845090698913,4204.497091501951,0.08925059928600587,2.5339722652512303e-07,1007467.6,25.0
155,156.0,1.063789894435545,5.004487004639678,1200000.0,1.4009540175641733e-06,0.28823039241239456,3599.2842795848846,0.08407720944027558,2.281656584114322e-07,1007467.6,25.0
156,157.0,1.0115101263865596,5.053931224324565,1200000.0,1.61100428713271e-06,0.2712682515616649,3005.0923715233803,0.0818800059098937,2.0523241749676314e-07,1012173.2,25.0
157,158.0,1.0686405376688548,5.418782577639092,1200000.0,1.6885578638459601e-06,0.25420017873996414,3108.195607714355,0.07320733185699951,2.2660882463822017e-07,1033205.6,25.0
158,159.0,0.9919303657993571,4.724131073333638,1200000.0,1.4530830255294323e-06,0.3163723068402504,3449.3802949488163,0.0909826799364507,2.2152219780626045e-07,856929.2,25.0
159,160.0,1.03534928376714,4.860919709721863,1200000.0,1.4886830193142672e-06,0.2810109733616173,3649.2982863485813,0.07625979524891718,2.474387962207665e-07,951823.2,25.0
160,161.0,0.9022913712324794,4.920649070175649,1200000.0,1.5056977965397344e-06,0.29861629430985204,3654.7894024923444,0.08411623214290259,2.4153516118085265e-07,893860.0,25.0
161,162.0,0.986542630314246,5.310390948675234,1200000.0,1.7161766143662611e-06,0.25571016361831767,4344.021976664662,0.05307133194073549,2.6054430840572845e-07,946546.4,25.0
162,163.0,0.9031308877760231,4.984195104273574,1200000.0,1.471283023597424e-06,0.289422185081996,3929.2221324667335,0.08192850835627274,2.5376243740131914e-07,949504.4,25.0
163,164.0,0.8635503927566188,4.931387518200346,1200000.0,1.4154144690177198e-06,0.31664933723962463,4318.103289932013,0.08511575676696975,2.1476555567176122e-07,885625.2,25.0
164,165.0,1.0200337380908433,5.060665384488608,1200000.0,1.643859472705609e-06,0.28131071935640506,3234.5412086993456,0.08714827296112948,2.2558757993837778e-07,946546.4,25.0
165,166.0,0.9773362918518804,4.997251513694678,1200000.0,1.5794003015824357e-06,0.26946922759695724,3134.1529347226024,0.07895143724553672,2.3444880074422668e-07,1002190.8,25.0
166,167.0,1.1026926845517766,5.429123031452036,1200000.0,1.8751409823692774e-06,0.2557535721161983,3032.248005799949,0.07304514297503656,2.04660368339452e-07,978771.6,25.0
167,168.0,0.996299605409083,5.375030207268104,1200000.0,1.5458960080347214e-06,0.27243826951360717,4722.734437696636,0.07329220852070101,2.498221122967134e-07,1007467.6,25.0
168,169.0,0.9681866555355364,4.372746657207479,1200000.0,1.349038387681702e-06,0.3187557574674713,3127.1254923418164,0.09896915669752865,2.1347428778038856e-07,925514.0,25.0
169,170.0,1.0416462187594138,5.027480964863521,1200000.0,1.5408620531087627e-06,0.2947120916886661,4920.515901230276,0.0775486764776318,2.238794441026054e-07,949504.4,25.0
170,171.0,0.9097938980112852,5.123363210201063,1200000.0,1.773306852895752e-06,0.2683939906479793,3215.660411655903,0.06792939951301025,2.1382425077706723e-07,922556.0,25.0
171,172.0,0.9447000517683457,5.610326433790441,1200000.0,1.5869514780600925e-06,0.25310793157417777,2472.4924136698246,0.08419777944063705,2.382295054600671e-07,1064859.6,25.0
172,173.0,1.0360934526438457,5.078892635036468,1200000.0,1.4080581950264793e-06,0.27946064084162003,3058.0245764255524,0.08400452791185437,2.431387237682354e-07,1002190.8,25.0
173,174.0,0.8389435498926677,4.703192960207154,1200000.0,1.3863996534902435e-06,0.3100746352222572,4562.3496504426,0.0802612838188328,2.369360801861929e-07,927832.8,25.0
174,175.0,0.9909748068435462,5.275013385137768,1200000.0,1.5001503226467754e-06,0.27992992298186437,2360.7950614467263,0.0920926667044411,2.3037495242556305e-07,967578.8,25.0
175,176.0,1.0447096293567575,4.89609246558333,1200000.0,1.7131097910820032e-06,0.27842634619138096,2339.2676799297333,0.0873175549096854,1.7934421131757011e-07,951823.2,25.0
176,177.0,1.0101077191201364,5.0425085124508655,1200000.0,1.6489314390188183e-06,0.2829747166563479,3353.744005329907,0.08162687073934022,2.2846863503708591e-07,912573.6,25.0
177,178.0,1.0040728734596593,4.795837602498111,1200000.0,1.6199065087522718e-06,0.3145535610288661,3478.8716022595763,0.0807688013992987,1.8529709973205618e-07,819998.4,25.0
178,179.0,1.0116969587774616,5.605515997852514,1200000.0,1.8030440889472448e-06,0.25579431218669413,2682.3452601656318,0.08173478838158932,2.2505505228064465e-07,983477.2,25.0
179,180.0,0.9044878323446177,4.967240311198168,1200000.0,1.7575955325889041e-06,0.2869359337285573,4263.045520432293,0.06403832213556682,2.1300857138009606e-07,859887.2,25.0
180,181.0,0.9945980159487545,5.56799635442669,1200000.0,1.8869473021739953e-06,0.2410105166720058,2481.631147570908,0.07514793277230553,2.3711963483607964e-07,999804.0,25.0
181,182.0,0.9311609833086267,5.675714520628716,1200000.0,1.921271010375339e-06,0.23675190656553724,2453.3162388578057,0.05908510159143543,2.416888543779446e-07,946546.4,25.0
182,183.0,0.8983646924411695,5.086202790131004,1200000.0,1.5825688155248732e-06,0.2895954500186164,2720.3816454410553,0.08230370905128603,1.9367482281784068e-07,914892.4,25.0
183,184.0,0.9056933901263332,5.2850701204789985,1200000.0,1.8198005198168953e-06,0.25596613375893895,4353.494705177844,0.05377776886096969,2.5942637520764766e-07,912573.6,25.0
184,185.0,1.0523929429616166,5.549906911987151,1200000.0,1.815306074223538e-06,0.2504044186413168,2013.3614054843783,0.07854179504590197,1.761123977552263e-07,1039121.6,25.0
185,186.0,1.0357568210542392,5.714359516527402,1200000.0,1.770200382512258e-06,0.24724072264244512,4152.60940759629,0.06289360243119113,2.6692441603414516e-07,996274.8,25.0
186,187.0,0.9617655103402416,5.067712998291533,1200000.0,1.784832674434173e-06,0.27789366231197477,3374.463914960623,0.06987621573798819,1.8765641405528287e-07,911934.4,25.0
187,188.0,0.8530763997859933,5.697479813406829,1200000.0,2.013454080635088e-06,0.23705907883486788,1889.0041913986206,0.0729015328294837,2.1316405676414482e-07,970536.8,25.0
188,189.0,0.8737092246182299,4.879943917754353,1200000.0,1.5239575820216102e-06,0.2763923689282066,2402.8121162578464,0.0858746276760276,2.3631582374264215e-07,964620.8,25.0
189,190.0,0.9429338718257366,5.009085917265303,1200000.0,1.5908212185094647e-06,0.2905986757797905,3661.0207071080804,0.07658084632221124,2.3295985396961565e-07,885625.2,25.0
190,191.0,0.9951975000820935,5.111257667757926,1200000.0,1.899921415957839e-06,0.26437588500630227,2051.767195522785,0.07246478431124248,1.8364477197438617e-07,888583.2,25.0
191,192.0,0.9611008766785103,4.593810765242566,1200000.0,1.466376495291143e-06,0.31797163711827636,3849.060030989349,0.08348518844649305,2.296938979688836e-07,835896.8,25.0
192,193.0,1.0445647561123876,5.153229035247577,1200000.0,1.4894074598948909e-06,0.28058648705469835,3162.2923382893205,0.08730572101844741,2.2781926619068487e-07,1002190.8,25.0
193,194.0,1.0366096512445824,5.506413154518675,1200000.0,1.7241174660549078e-06,0.23061662574328068,3861.2626678571105,0.05218019484815101,2.6974777265831507e-07,1060154.0,25.0
194,195.0,0.9563135972086716,5.254310830125036,1200000.0,1.5187620009373326e-06,0.2643852689260413,4457.993687286973,0.0715125394896945,2.707076671318667e-07,1031458.0,25.0
195,196.0,0.8321682839514096,5.363790887890957,1200000.0,1.658935661708814e-06,0.2711128873394628,3818.987290471792,0.06875877839694039,2.489583959494024e-07,925514.0,25.0
196,197.0,0.9845978052011108,5.046416396751326,1200000.0,1.6888067248938655e-06,0.2742376481720754,3478.842031814158,0.07474244578123768,2.3392992322929755e-07,925514.0,25.0
197,198.0,0.8955379450261693,5.162116241743561,1200000.0,1.525729676910016e-06,0.2874616183792682,3123.9000733867288,0.08667746098069223,2.257411814457727e-07,941269.6,25.0
198,199.0,0.9444812096890062,5.544449899487269,1200000.0,1.7243958318068656e-06,0.24354949532907,1693.3082831799984,0.08245189708663248,2.4465172982902596e-07,999804.0,25.0
199,200.0,0.997458958556691,4.919436587642203,1200000.0,1.4302134473927747e-06,0.2944065661474511,3701.1344841346145,0.08545887684800402,2.3228643423987296e-07,948865.2,25.0
200,201.0,0.7946993937580348,5.4512220957838124,1200000.0,1.8027645883976885e-06,0.25734645380128285,2907.1766718775034,0.06770518897548078,2.4818597161083405e-07,909615.6,25.0
201,202.0,0.9940793676831232,4.740866109250426,1200000.0,1.3899414601802783e-06,0.30671667852673323,3488.9204183369875,0.09120378679647034,2.1932415369982583e-07,946546.4,25.0
202,203.0,0.9569485162073019,5.326597253831892,1200000.0,1.6204333212842717e-06,0.2597198411108437,4096.408164307475,0.0636894639730633,2.439992188421871e-07,1002762.0,25.0
203,204.0,1.0282959608852584,4.833192912851899,1200000.0,8.06975966100605e-07,0.3700588862097831,7221.638411432505,0.09090153558670311,5.321033608815884e-07,856929.2,25.0
204,205.0,0.9969686179925583,4.85139835740695,1200000.0,1.4539517807153523e-06,0.3016543335615509,3456.6610534638166,0.08627969661437174,2.1923824012069814e-07,927832.8,25.0
205,206.0,1.0264836052425448,5.750009564229664,1200000.0,1.8422012511537156e-06,0.2337095514164318,4235.053827226162,0.05556019351416286,2.6390179001629867e-07,1034416.0,25.0
206,207.0,0.8633335134235057,5.049569903413371,1200000.0,1.5454357348607293e-06,0.2720941740756686,3430.9378180131316,0.0711542925104317,2.5083311325131165e-07,951823.2,25.0
207,208.0,0.9829042936871294,5.0746495491155414,1200000.0,1.5194179752058823e-06,0.2768435252049244,3503.7919820547104,0.07286493994190268,2.636120590374661e-07,935924.8,25.0
208,209.0,0.9504720534895814,5.3613145474055415,1200000.0,1.618357773521506e-06,0.2517330583997577,3422.77400996536,0.06288233848690572,2.3211863666525726e-07,1039121.6,25.0
209,210.0,0.8597259380716045,5.1273127438452875,1200000.0,1.5984726753375038e-06,0.2843046416956412,3471.428199119866,0.08236788517274884,2.404982365240572e-07,917850.4,25.0
210,211.0,1.0421482327838163,5.020486707486569,1200000.0,1.7461770137368863e-06,0.2836897409271799,2845.6357900053263,0.08130073456258008,1.998661164123982e-07,888583.2,25.0
211,212.0,0.9473051352214225,5.562038546637638,1200000.0,1.7066485409344368e-06,0.23718966345893477,2591.824668355286,0.06312642848128902,2.611494114355178e-07,1015131.2,25.0
212,213.0,1.0489171474652972,5.610653497387197,1200000.0,1.7623532203439932e-06,0.2389245736954706,2809.832951284945,0.07173962177227472,2.554434337810919e-07,1036163.6,25.0
213,214.0,1.040637250997236,4.62492333627732,1200000.0,1.4136845932998903e-06,0.32225382237735545,3719.306621350348,0.08439641139186754,2.288919821668447e-07,835896.8,25.0
214,215.0,0.9877750387812599,4.811146253963273,1200000.0,1.4489941690839405e-06,0.29625923594618797,3803.1749382317066,0.07717901255774184,2.389166594738581e-07,909615.6,25.0
215,216.0,1.015811724947671,5.017322000323887,1200000.0,1.360564809007175e-06,0.2873691110155079,3566.708514198661,0.08661360067625201,2.2020706129528936e-07,1057196.0,25.0
216,217.0,1.0014428540880485,5.140410714994559,1200000.0,1.4913215933343225e-06,0.2620626807435329,2439.0122435465455,0.08302743028775028,2.4574607561664633e-07,1036163.6,25.0
217,218.0,1.02392572716038,5.333585194099129,1200000.0,1.5965579212073175e-06,0.2440017633033662,3539.6821163222194,0.06725188333104876,2.6747734193400825e-07,1064859.6,25.0
218,219.0,0.9716887367845872,5.038698226590476,1200000.0,1.6794362155055255e-06,0.2844978152423323,2901.0588605999947,0.07373532085153212,2.086252250525867e-07,872827.6,25.0
219,220.0,1.010808063928305,5.103669877630182,1200000.0,1.6543994005234657e-06,0.26353309721131524,3082.786375179887,0.07694659147439892,2.3090731200200158e-07,999232.8,25.0
220,221.0,0.9723985473226968,5.004707054566225,1200000.0,1.6972322526549751e-06,0.27632380829572867,2553.6335037350655,0.0839401175583031,1.9636994748097058e-07,946546.4,25.0
221,222.0,0.9981640398169178,5.003079911714991,1200000.0,1.4964359869975156e-06,0.2694500400492288,2500.258457683027,0.08596031971493079,2.2530618827030027e-07,1030886.8,25.0
222,223.0,1.001059701618245,4.801467939060352,1200000.0,1.35058392445058e-06,0.3100178009046033,4120.4323346838355,0.08445546743289062,2.5578938237859236e-07,890902.0,25.0
223,224.0,1.0235188098231898,5.067884808635505,1200000.0,1.5023825107442096e-06,0.2656419103966954,2118.1222237870097,0.0919979841613589,2.2962526834433082e-07,1036163.6,25.0
224,225.0,0.8991933849984922,5.5278888920738325,1200000.0,1.6537217181739248e-06,0.24201689873896726,1775.0183453261852,0.08620792102570812,2.433991863795803e-07,1067817.6,25.0
225,226.0,0.9632670246132957,4.665696251863068,1200000.0,1.4757117031846963e-06,0.30089895902388264,4358.836946330965,0.07984740968251969,2.2965112546717017e-07,922556.0,25.0
226,227.0,1.000527991113462,4.905300369949629,1200000.0,1.4918685342321477e-06,0.28801210678938816,3557.2180437147617,0.07711313749051568,2.323290502815635e-07,935924.8,25.0
227,228.0,1.0135144051107283,4.9030626220105376,1200000.0,1.615299795638351e-06,0.27463582476849524,3457.350945033133,0.07179105028251692,2.4704522360056644e-07,925514.0,25.0
228,229.0,0.9020762284630724,5.0113201269689895,1200000.0,1.7622672475517602e-06,0.2911312543383815,3077.2982080876827,0.0789211296255859,1.9888446265841362e-07,848694.4,25.0
229,230.0,0.9662693512351596,5.2043217554729395,1200000.0,1.8461560196635063e-06,0.2596255321620333,2348.290469057858,0.07516681296989586,1.958537110696113e-07,943588.4,25.0
230,231.0,0.8528532289388442,4.969281691177784,1200000.0,1.3674002248929902e-06,0.3003431292884642,2151.5535640865564,0.10000796531426737,2.2031340546490468e-07,938311.6,25.0
231,232.0,0.8654140485013095,4.9321847019460066,1200000.0,1.6829840414137517e-06,0.27445094383894286,2674.1844612136483,0.06591361247316929,2.126486708830234e-07,890902.0,25.0
232,233.0,0.9632136916300055,5.804299783637084,1200000.0,1.771049383041778e-06,0.22803725345310255,2050.1108235269785,0.07278275315822968,2.832816939297964e-07,1030886.8,25.0
233,234.0,1.0660131580560785,4.623162149353334,1200000.0,1.362720224825422e-06,0.29739168433182783,2566.4969745650887,0.09718675251620312,2.171552503090225e-07,986435.2,25.0
234,235.0,1.0363797646804094,5.665496748544108,1200000.0,1.8757252578192733e-06,0.23259712594256143,2419.0157811567187,0.07625124183385074,2.5150216110009785e-07,1036163.6,25.0
235,236.0,0.9831668072014402,5.138385266348251,1200000.0,1.6567942174873146e-06,0.279153838618484,1951.4760698378086,0.08908494964908825,2.0014435055622551e-07,917279.2,25.0
236,237.0,0.951672668798798,5.727114700747677,1200000.0,1.7729093680919527e-06,0.25067154337880737,2728.6829675734043,0.07360982401977745,2.461523833842489e-07,978200.4,25.0
237,238.0,1.0538212375652918,5.360226167052453,1200000.0,1.6262187485138242e-06,0.25247532725352073,3575.381179280579,0.070951671692431,2.54727027990695e-07,1036163.6,25.0
238,239.0,1.0927101284214282,5.618843330645625,1200000.0,1.8061687580134663e-06,0.2478114833179177,4209.662672922015,0.066963953341107,2.2358863377932073e-07,1057196.0,25.0
239,240.0,0.8969807381781417,5.279123186548773,1200000.0,1.5419566489730893e-06,0.2768669269397819,4286.904718212783,0.07184168605199587,2.73750398624988e-07,922556.0,25.0
240,241.0,0.99888325725681,4.997256471383956,1200000.0,1.5091384400041252e-06,0.29296120134580406,5040.046260789037,0.06732695908354197,2.543844375193835e-07,911934.4,25.0
241,242.0,0.9651187179856019,5.134484552179536,1200000.0,1.4861483320752187e-06,0.2759385751249397,3564.520713828504,0.07859325949433793,2.5097256012917104e-07,981729.6,25.0
242,243.0,0.9533742670917533,5.149004822696,1200000.0,1.5970082547596401e-06,0.2527092586286557,2921.990260735154,0.06837588411337941,2.6337254654224766e-07,1004509.6,25.0
243,244.0,0.9683264423193836,5.067956425520954,1200000.0,1.5439931135686783e-06,0.2707944877364312,2673.4407407343388,0.07833923010890992,2.344744202741888e-07,975242.4,25.0
244,245.0,1.025137986493714,5.1306556823622955,1200000.0,1.5678363863414721e-06,0.291000965768788,2245.5703215897083,0.09199104469341168,2.0175388001670848e-07,909758.4,25.0
245,246.0,0.9324704152272193,5.153248848973128,1200000.0,1.591021218378297e-06,0.27176915117031086,2601.3374601230025,0.0824128039998947,2.2858821621463333e-07,967578.8,25.0
246,247.0,0.9854429394819291,5.242416211643061,1200000.0,1.636833208774961e-06,0.28355278014231544,3702.2613634616137,0.07751442684513904,2.4523994634085416e-07,888583.2,25.0
247,248.0,0.9254373582810648,4.841340407535917,1200000.0,1.4370801230913552e-06,0.29864607094231843,3021.00189679116,0.08662308081301834,2.3002030644885387e-07,914892.4,25.0
248,249.0,0.9612930494773182,5.1030826855334865,1200000.0,1.6316658009463361e-06,0.2919863979495787,4116.183320358396,0.07973298830948122,1.9826650776775916e-07,941269.6,25.0
249,250.0,1.0161678139985006,5.35241070767249,1200000.0,1.5565735259255665e-06,0.263948904762195,4690.980923123658,0.07101498069607454,2.540287677433564e-07,1034416.0,25.0
250,251.0,1.067233271739934,5.034699885623475,1200000.0,1.4326759966312467e-06,0.2738383232760171,4407.027555063367,0.07752630846546082,2.535607246170667e-07,1059582.8,25.0
251,252.0,0.7822365798351496,4.568196763558866,1200000.0,1.4317026998346137e-06,0.32474409146595207,3917.39187771827,0.08727365895086142,2.2990264535729742e-07,835896.8,25.0
252,253.0,1.092629363295082,4.984052200813956,1200000.0,1.4576591234646057e-06,0.2809260229821149,4526.008292205632,0.0779358327249311,2.534189825806644e-07,1004509.6,25.0
253,254.0,0.9731257728953209,5.327972543026711,1200000.0,1.6796010280587857e-06,0.2512778141627976,3758.8695581555367,0.06260845865255221,2.500331299644829e-07,1007467.6,25.0
254,255.0,1.0056801807925186,5.029332015367373,1200000.0,1.4716581165589908e-06,0.2946561518682671,7599.308776535094,0.0577732037408793,2.787490396595008e-07,922556.0,25.0
255,256.0,0.9128435845913409,5.386972047815682,1200000.0,1.6052960481541877e-06,0.2511159856559928,2368.683196462691,0.08337381719283682,2.403246952318333e-07,1059582.8,25.0
256,257.0,1.012061001166032,5.2358628717979485,1200000.0,1.5371350940085462e-06,0.2727637311985518,5052.324154309928,0.06332626915587058,2.665903807469149e-07,954781.2,25.0
257,258.0,1.0100934978419198,4.714116563823836,1200000.0,1.6224099811287164e-06,0.2978311332319734,2513.4034268781543,0.08506039156071754,1.9734605085065208e-07,856929.2,25.0
258,259.0,1.070019090543937,5.185808998916741,1200000.0,1.617128986269963e-06,0.2742412957236695,2511.721761330962,0.08996509504836553,2.274052541938125e-07,957739.2,25.0
259,260.0,1.0204735869669175,5.056726928518117,1200000.0,1.493121353833172e-06,0.28387376185931146,3305.0474556684494,0.08302169255399683,2.4016094748425355e-07,946546.4,25.0
260,261.0,0.957824842494756,5.254065947415462,1200000.0,1.574744926789655e-06,0.28684617587045835,4203.548957929015,0.07893966380573203,2.2103807236424123e-07,954210.0,25.0
261,262.0,1.050933086309326,4.973108112383599,1200000.0,1.414510122882504e-06,0.2822880454071566,4641.610556349158,0.07184220051407114,2.4969994768118584e-07,1002762.0,25.0
262,263.0,1.0260111967020416,5.1579470277538135,1200000.0,1.5545531960077592e-06,0.27640263107522145,4367.08682949096,0.07137064278786232,2.430796484639421e-07,972855.6,25.0
263,264.0,0.9443797426548468,4.916585300454031,1200000.0,1.5620725469119893e-06,0.2708607645285852,2900.630313374102,0.07121656221445472,2.234848228835416e-07,970536.8,25.0
264,265.0,0.923886621824128,5.148087354046261,1200000.0,1.5468735845456123e-06,0.28033998464321286,2491.09396559,0.09156084148473137,2.540268335012697e-07,925514.0,25.0
265,266.0,0.9038130783698003,4.984929142319281,1200000.0,1.6679109640428702e-06,0.2767835481362937,3579.3449702113867,0.06906211008482599,2.522133379043799e-07,888583.2,25.0
266,267.0,0.9895256848915172,4.852919388685379,1200000.0,1.6586001872880628e-06,0.2596502016706168,2372.571689583361,0.0778274078002189,2.1884190622960405e-07,1006896.4,25.0
267,268.0,1.0026200387821653,5.323517995118429,1200000.0,1.7067487522766112e-06,0.25205910707364865,2757.4357354938984,0.06827764251111496,2.375735239601193e-07,975813.6,25.0
268,269.0,1.041704946965239,5.129924423856934,1200000.0,1.7017089752159335e-06,0.27436217309524125,2548.239642456174,0.07657329973016963,2.1371692257602596e-07,901523.6,25.0
269,270.0,1.0029246103433944,5.066691062462262,1200000.0,1.523338418860364e-06,0.2746118728884994,3045.2853662744164,0.08284814564545967,2.4862175834613153e-07,967578.8,25.0
270,271.0,1.073638862565224,5.1703819793752075,1200000.0,1.5305020721765046e-06,0.27485960420658984,2737.507936142385,0.08718338257232178,2.459461084693143e-07,967578.8,25.0
271,272.0,0.9572910214803704,4.481014746831633,1200000.0,1.4636341540351814e-06,0.32538864828341474,4935.149391271174,0.08003631337333361,2.375730647694301e-07,832938.8,25.0
272,273.0,0.9144829636638813,5.214259667236902,1200000.0,1.682964493552138e-06,0.2681169512240089,2272.317836999893,0.07587575223438203,2.156303431565272e-07,922556.0,25.0
273,274.0,0.9688374104167274,4.87467003171453,1200000.0,1.5446892820820856e-06,0.30211301936552815,3206.407200060785,0.0900620524871561,2.0569524696312507e-07,906657.6,25.0
274,275.0,1.0109951655570497,4.457050656121751,1200000.0,1.4393317671574182e-06,0.3145496683168503,2976.52085365355,0.08839530156506159,2.3120207844320377e-07,848694.4,25.0
275,276.0,1.0165568761853494,5.485206018906119,1200000.0,1.66803379941481e-06,0.2519802328724481,2746.2815631702542,0.07466419644432998,2.6341080051652926e-07,978200.4,25.0
276,277.0,1.0365806337038934,5.280192952689227,1200000.0,1.519115309619658e-06,0.25448656324319785,3531.2444748803973,0.06663746970503431,2.7055868463136994e-07,1030886.8,25.0
277,278.0,0.9991776148651345,5.090237712729781,1200000.0,1.734780601423548e-06,0.2622147173293854,2299.036671631038,0.0832044286729306,1.8479627871744597e-07,1006896.4,25.0
278,279.0,0.9503247630645838,4.375332071038372,1200000.0,1.3566050239633144e-06,0.33360333368693773,3488.5292511433363,0.09682058080662659,2.1838323081023513e-07,851652.4,25.0
279,280.0,1.0012830105614985,4.9325580604942445,1200000.0,1.510816403218423e-06,0.2946212050045176,4667.718510635197,0.08004218875776037,2.2916993027202997e-07,954781.2,25.0
280,281.0,0.980834707764299,4.90463366366599,1200000.0,1.6887037033395518e-06,0.29028873295028035,2323.389399394393,0.08317421310416051,1.7164553945460967e-07,888583.2,25.0
281,282.0,1.001837495607272,5.069905079646347,1200000.0,1.4847204769744958e-06,0.2760643352632357,2488.2410681024194,0.08499593564761837,2.434908630495386e-07,967578.8,25.0
282,283.0,0.9412155901602197,5.235015764846068,1200000.0,1.8202181164977157e-06,0.2584353456224733,2885.6127435341477,0.07029268031646302,2.1549072452110792e-07,946546.4,25.0
283,284.0,1.0263832387231973,5.012398027204263,1200000.0,1.5685494731540114e-06,0.2929538213174254,2456.012508802116,0.08775374220598736,1.9245795688388207e-07,912573.6,25.0
284,285.0,0.9548228035774667,4.6617153693837565,1200000.0,1.4621940853143828e-06,0.3036701082760871,5548.285992123187,0.0649414375077576,2.615877245818211e-07,877961.6,25.0
285,286.0,0.9514161263238673,5.536958195586351,1200000.0,1.7599103495792833e-06,0.24672974314831464,5156.179799593985,0.049380933560967566,2.571482204073437e-07,999232.8,25.0
286,287.0,0.9594674971708717,4.990419852936171,1200000.0,1.611443016281207e-06,0.2750958388334013,2565.233837760985,0.08766132581323077,2.1126223932724008e-07,978771.6,25.0
287,288.0,0.9310535635183926,5.3012214347513265,1200000.0,1.63807505695713e-06,0.2649083610479579,2919.4584309905767,0.07881868693171229,2.152168947214863e-07,1004509.6,25.0
288,289.0,0.9045029728335459,4.991045644581604,1200000.0,1.3405753180526693e-06,0.29573296556090156,2782.6342773362994,0.0973168589557743,2.44006291883572e-07,975242.4,25.0
289,290.0,0.8994900657593058,5.304026228334081,1200000.0,1.6985440355236312e-06,0.2811562811114072,3014.323807619512,0.0786855427948846,2.421897237537857e-07,859887.2,25.0
290,291.0,0.8683575471690689,5.304334619709515,1200000.0,1.8360030491456738e-06,0.26498473477401774,3144.719237573445,0.07660967928715867,2.104167746546436e-07,949504.4,25.0
291,292.0,0.9088675941373366,4.898620008052404,1200000.0,1.4922589065370298e-06,0.2856982417249867,3677.955806925893,0.07855860764667832,2.66359101638603e-07,925514.0,25.0
292,293.0,1.0195124755533858,4.751796375436548,1200000.0,1.635603221913203e-06,0.3096078557998396,4863.859103552997,0.07443776238973199,2.0862587782318278e-07,851652.4,25.0
293,294.0,0.9224645360653346,4.759896701599843,1200000.0,1.4122429532104327e-06,0.3064662417794608,3440.255457572639,0.08431528968270435,2.2714729854647788e-07,893860.0,25.0
294,295.0,0.9322848646458615,4.835395420443497,1200000.0,1.5744513916098835e-06,0.2913114893573976,2257.5390126258135,0.09323973859454404,2.012361599366383e-07,917850.4,25.0
295,296.0,0.9641799252885361,5.44543399414426,1200000.0,1.7100176365879863e-06,0.24955449764858173,3035.8461013138294,0.06817298058960064,2.504198101610259e-07,999232.8,25.0
296,297.0,0.9167690622433171,4.734654510378277,1200000.0,1.549102278529655e-06,0.30500960111505293,2616.437595486641,0.08853917639643022,2.4630975758168315e-07,811906.4,25.0
297,298.0,1.0196272953999204,5.3126725316785155,1200000.0,1.5944183838580747e-06,0.2658685239707168,4940.002670302987,0.0633265342654496,2.4512344604031805e-07,1007467.6,25.0
298,299.0,0.9943215521661604,5.016955641869707,1200000.0,1.7030188258054915e-06,0.290125359051963,3049.860123217106,0.07502319639821542,2.0001765428517024e-07,853971.2,25.0
299,300.0,0.8516448055292482,4.939331236986256,1200000.0,1.5908956168985186e-06,0.2904746136245251,1903.7244764715433,0.09279637178924593,2.0131140859399368e-07,893860.0,25.0
